{"content":[],"settings":{"template":"default","system_colors":[{"_id":"primary","title":"Primary","color":"#F6F6F6"},{"_id":"secondary","title":"Secondary","color":"#15ABD9"},{"_id":"text","title":"Text","color":"#A1A1A1"},{"_id":"accent","title":"Accent","color":"#15ABD9"}],"custom_colors":[{"title":"Background Color 1","_id":"a87b539","color":"#22313A"},{"title":"Color 1","_id":"91734c1","color":"#15ABD9"},{"_id":"77ca2af","title":"Heading Text 1","color":"#F6F6F6"},{"_id":"16f9f85","title":"Body Text Color","color":"#A1A1A1"},{"title":"Tranparancy Color 1","_id":"76ffbce","color":"#02010100"},{"_id":"56d4114","title":"Background Color 2","color":"#19242D"},{"_id":"91e2a4e","title":"Transparancy Colour 2","color":"#19242DB8"},{"_id":"c6364c3","title":"Body Text 1","color":"#CECECE"},{"_id":"4900b55","title":"Divider Color","color":"#293B45"},{"_id":"fd152e5","title":"Header Bg Colour","color":"#354E5B"}],"system_typography":[{"_id":"primary","title":"H1 Heading Font","typography_typography":"custom","typography_font_family":"Barlow Condensed","typography_font_weight":"600","typography_font_size":{"unit":"rem","size":6.5,"sizes":[]},"typography_line_height":{"unit":"em","size":1,"sizes":[]},"typography_font_size_tablet":{"unit":"rem","size":5,"sizes":[]},"typography_font_size_mobile":{"unit":"rem","size":3.5,"sizes":[]}},{"_id":"secondary","title":"H2 Heading FOnt","typography_typography":"custom","typography_font_family":"Barlow Condensed","typography_font_weight":"600","typography_font_size":{"unit":"rem","size":5,"sizes":[]},"typography_line_height":{"unit":"em","size":1,"sizes":[]},"typography_font_size_tablet":{"unit":"rem","size":4,"sizes":[]},"typography_font_size_mobile":{"unit":"rem","size":3,"sizes":[]}},{"_id":"text","title":"Body Text","typography_typography":"custom","typography_font_family":"Rubik","typography_font_weight":"400","typography_font_size":{"unit":"rem","size":1,"sizes":[]},"typography_line_height":{"unit":"em","size":1.8,"sizes":[]},"typography_font_size_tablet":{"unit":"rem","size":0.8,"sizes":[]},"typography_font_size_mobile":{"unit":"rem","size":0.7,"sizes":[]}},{"_id":"accent","title":"Button Label","typography_typography":"custom","typography_font_family":"Barlow Condensed","typography_font_weight":"600","typography_font_size":{"unit":"rem","size":1.2,"sizes":[]},"typography_text_transform":"uppercase","typography_line_height":{"unit":"em","size":1,"sizes":[]},"typography_letter_spacing":{"unit":"px","size":2,"sizes":[]},"typography_font_size_tablet":{"unit":"rem","size":1,"sizes":[]},"typography_font_size_mobile":{"unit":"rem","size":0.8,"sizes":[]}}],"custom_typography":[{"typography_typography":"custom","typography_font_family":"Barlow Condensed","typography_font_size":{"unit":"rem","size":6.5,"sizes":[]},"typography_font_size_tablet":{"unit":"rem","size":5,"sizes":[]},"typography_font_size_mobile":{"unit":"rem","size":3.5,"sizes":[]},"typography_font_weight":"600","typography_line_height":{"unit":"em","size":1,"sizes":[]},"_id":"b03a5e4","title":"H1"},{"typography_typography":"custom","typography_font_family":"Rubik","typography_font_size":{"unit":"rem","size":1,"sizes":[]},"typography_font_size_tablet":{"unit":"rem","size":0.8,"sizes":[]},"typography_font_size_mobile":{"unit":"rem","size":0.7,"sizes":[]},"typography_font_weight":"600","typography_line_height":{"unit":"em","size":1,"sizes":[]},"typography_letter_spacing":{"unit":"px","size":8,"sizes":[]},"_id":"f1402b2","title":"Sub Heading","typography_text_transform":"uppercase"},{"title":"Button Text","_id":"a7477b6","typography_typography":"custom","typography_font_family":"Barlow Condensed","typography_font_size":{"unit":"rem","size":1.2,"sizes":[]},"typography_font_size_tablet":{"unit":"rem","size":1,"sizes":[]},"typography_font_size_mobile":{"unit":"rem","size":0.8,"sizes":[]},"typography_font_weight":"600","typography_text_transform":"uppercase","typography_line_height":{"unit":"em","size":1,"sizes":[]},"typography_letter_spacing":{"unit":"px","size":2,"sizes":[]}},{"typography_typography":"custom","typography_font_family":"Barlow Condensed","typography_font_size":{"unit":"rem","size":1.8,"sizes":[]},"typography_font_size_tablet":{"unit":"rem","size":1.6,"sizes":[]},"typography_font_size_mobile":{"unit":"rem","size":1.4,"sizes":[]},"typography_font_weight":"500","typography_line_height":{"unit":"em","size":1.3,"sizes":[]},"typography_word_spacing":{"unit":"em","size":"","sizes":[]},"_id":"eeebd89","title":"H4"},{"typography_typography":"custom","typography_font_family":"Rubik","typography_font_size":{"unit":"rem","size":1,"sizes":[]},"typography_font_size_tablet":{"unit":"rem","size":0.8,"sizes":[]},"typography_font_size_mobile":{"unit":"rem","size":0.7,"sizes":[]},"typography_font_weight":"400","typography_line_height":{"unit":"em","size":1.8,"sizes":[]},"_id":"8c87247","title":"Body Text"},{"typography_typography":"custom","typography_font_family":"Barlow Condensed","typography_font_size":{"unit":"rem","size":3.5,"sizes":[]},"typography_font_size_tablet":{"unit":"rem","size":2.8,"sizes":[]},"typography_font_size_mobile":{"unit":"rem","size":2,"sizes":[]},"typography_font_weight":"600","typography_line_height":{"unit":"em","size":1.2,"sizes":[]},"typography_word_spacing":{"unit":"em","size":"","sizes":[]},"_id":"3c80dea","title":"H3"},{"typography_typography":"custom","typography_font_family":"Rubik","typography_font_size":{"unit":"rem","size":1,"sizes":[]},"typography_font_size_tablet":{"unit":"rem","size":0.8,"sizes":[]},"typography_font_size_mobile":{"unit":"rem","size":0.7,"sizes":[]},"typography_font_weight":"400","typography_line_height":{"unit":"em","size":1.8,"sizes":[]},"typography_word_spacing":{"unit":"em","size":"","sizes":[]},"_id":"bf2a579","title":"H6"},{"typography_typography":"custom","typography_font_family":"Barlow Condensed","typography_font_size":{"unit":"rem","size":1.4,"sizes":[]},"typography_font_size_tablet":{"unit":"rem","size":1.2,"sizes":[]},"typography_font_size_mobile":{"unit":"rem","size":1,"sizes":[]},"typography_font_weight":"500","typography_line_height":{"unit":"em","size":"","sizes":[]},"typography_word_spacing":{"unit":"em","size":"","sizes":[]},"_id":"b45de8e","title":"H5"},{"typography_typography":"custom","typography_font_family":"Barlow Condensed","typography_font_size":{"unit":"rem","size":5,"sizes":[]},"typography_font_size_tablet":{"unit":"rem","size":4,"sizes":[]},"typography_font_size_mobile":{"unit":"rem","size":3,"sizes":[]},"typography_font_weight":"600","typography_line_height":{"unit":"em","size":1,"sizes":[]},"typography_word_spacing":{"unit":"em","size":"","sizes":[]},"_id":"397e667","title":"H2"},{"typography_typography":"custom","typography_font_family":"Barlow Condensed","typography_font_size":{"unit":"rem","size":10,"sizes":[]},"typography_font_size_tablet":{"unit":"rem","size":5,"sizes":[]},"typography_font_size_mobile":{"unit":"rem","size":3.5,"sizes":[]},"typography_font_weight":"600","typography_line_height":{"unit":"em","size":1,"sizes":[]},"typography_word_spacing":{"unit":"em","size":"","sizes":[]},"_id":"8883fbf","title":"404 Text"}],"default_generic_fonts":"Sans-serif","body_background_background":"classic","page_title_selector":"h1.entry-title","hello_footer_copyright_text":"All rights reserved","__globals__":{"mobile_browser_background":"","body_background_color":"globals\/colors?id=a87b539","button_typography_typography":"globals\/typography?id=a7477b6","button_text_color":"globals\/colors?id=77ca2af","button_background_color":"globals\/colors?id=76ffbce","button_border_color":"globals\/colors?id=91734c1","button_hover_text_color":"globals\/colors?id=77ca2af","button_hover_background_color":"globals\/colors?id=91734c1","button_hover_border_color":"globals\/colors?id=76ffbce","body_color":"globals\/colors?id=16f9f85","body_typography_typography":"globals\/typography?id=8c87247","link_normal_color":"globals\/colors?id=91734c1","link_normal_typography_typography":"globals\/typography?id=bf2a579","h1_color":"globals\/colors?id=77ca2af","h1_typography_typography":"globals\/typography?id=b03a5e4","h2_color":"globals\/colors?id=77ca2af","h2_typography_typography":"globals\/typography?id=397e667","h3_color":"globals\/colors?id=77ca2af","h3_typography_typography":"globals\/typography?id=3c80dea","h4_color":"globals\/colors?id=77ca2af","h4_typography_typography":"globals\/typography?id=eeebd89","h5_color":"globals\/colors?id=77ca2af","h5_typography_typography":"globals\/typography?id=b45de8e","h6_color":"globals\/colors?id=91734c1","h6_typography_typography":"globals\/typography?id=bf2a579"},"viewport_md":768,"viewport_lg":1025,"body_background_color":"#2B3841","button_text_color":"#F6F6F6","button_border_border":"solid","button_border_width":{"unit":"px","top":"1","right":"1","bottom":"1","left":"1","isLinked":true},"button_border_radius":{"unit":"px","top":"5","right":"5","bottom":"5","left":"5","isLinked":true},"button_hover_border_border":"solid","button_hover_border_width":{"unit":"px","top":"1","right":"1","bottom":"1","left":"1","isLinked":true},"button_hover_border_radius":{"unit":"px","top":"5","right":"5","bottom":"5","left":"5","isLinked":true},"activeItemIndex":1,"container_width":{"unit":"px","size":1400,"sizes":[]},"button_padding":{"unit":"px","top":"20","right":"25","bottom":"20","left":"25","isLinked":false}},"metadata":[]}