{"content":[{"id":"227f819d","settings":{"height":"min-height","custom_height":{"unit":"vh","size":70,"sizes":[]},"custom_height_tablet":{"unit":"vh","size":"","sizes":[]},"custom_height_mobile":{"unit":"vh","size":"","sizes":[]},"background_background":"classic","background_image":{"url":"http:\/\/kfkit.rometheme.pro\/intera\/wp-content\/uploads\/sites\/18\/2022\/02\/P5.jpg","id":247,"alt":"","source":"library"},"background_position":"center center","background_size":"cover","background_overlay_background":"gradient","background_overlay_opacity":{"unit":"px","size":1,"sizes":[]},"__globals__":{"background_overlay_color_b":"globals\/colors?id=56d4114","background_overlay_color":"globals\/colors?id=91e2a4e"},"_title":"Header Page Section"},"elements":[{"id":"12bede41","settings":{"_column_size":100,"_inline_size":null,"padding":{"unit":"em","top":"1","right":"1","bottom":"1","left":"1","isLinked":true},"padding_tablet":{"unit":"em","top":"","right":"","bottom":"","left":"","isLinked":true},"padding_mobile":{"unit":"em","top":"","right":"","bottom":"","left":"","isLinked":true},"animation":"fadeIn","animation_duration":"slow"},"elements":[{"id":"47539e43","settings":{"title":"Service Detail.","align":"center","__globals__":{"title_color":"globals\/colors?id=77ca2af","typography_typography":"globals\/typography?id=397e667"},"title_color":"#F6F6F6"},"elements":[],"isInner":false,"widgetType":"heading","elType":"widget"}],"isInner":false,"elType":"column"}],"isInner":false,"elType":"section"},{"id":"4f9196","settings":{"structure":"20","padding":{"unit":"em","top":"6","right":"1","bottom":"6","left":"1","isLinked":false},"padding_tablet":{"unit":"em","top":"","right":"","bottom":"","left":"","isLinked":true},"padding_mobile":{"unit":"em","top":"","right":"","bottom":"","left":"","isLinked":true},"background_background":"gradient","reverse_order_tablet":"reverse-tablet","reverse_order_mobile":"reverse-mobile","__globals__":{"background_color":"globals\/colors?id=56d4114","background_color_b":"globals\/colors?id=76ffbce"},"_title":"Services Detail Section"},"elements":[{"id":"2a616cdf","settings":{"_column_size":50,"_inline_size":23,"padding":{"unit":"em","top":"1","right":"1","bottom":"1","left":"1","isLinked":true},"padding_tablet":{"unit":"em","top":"","right":"","bottom":"","left":"","isLinked":true},"padding_mobile":{"unit":"em","top":"","right":"","bottom":"","left":"","isLinked":true},"_inline_size_tablet":100},"elements":[{"id":"5353b9c7","settings":{"title":"Service Info","header_size":"h4","__globals__":{"typography_typography":"globals\/typography?id=eeebd89","title_color":"globals\/colors?id=77ca2af","_background_color":"globals\/colors?id=91734c1"},"_margin":{"unit":"%","top":"0","right":"44","bottom":"0","left":"0","isLinked":false},"_margin_tablet":{"unit":"%","top":"0","right":"78","bottom":"0","left":"0","isLinked":false},"_margin_mobile":{"unit":"%","top":"0","right":"59","bottom":"0","left":"0","isLinked":false},"_padding":{"unit":"px","top":"10","right":"10","bottom":"10","left":"18","isLinked":false},"_background_background":"classic","_border_radius":{"unit":"px","top":"10","right":"10","bottom":"10","left":"10","isLinked":true},"_padding_tablet":{"unit":"px","top":"10","right":"10","bottom":"10","left":"20","isLinked":false},"_padding_mobile":{"unit":"px","top":"10","right":"10","bottom":"10","left":"15","isLinked":false}},"elements":[],"isInner":false,"widgetType":"heading","elType":"widget"},{"id":"793f851f","settings":{"image":{"url":"http:\/\/kfkit.rometheme.pro\/intera\/wp-content\/uploads\/sites\/18\/2022\/02\/I16.png","id":341,"alt":"","source":"library"},"title_text":"Client Service","description_text":"Rometheme Studio","position":"left","title_size":"h5","image_size":{"unit":"%","size":15,"sizes":[]},"text_align":"left","content_vertical_alignment":"middle","title_bottom_space":{"unit":"px","size":0,"sizes":[]},"__globals__":{"title_color":"globals\/colors?id=77ca2af","title_typography_typography":"globals\/typography?id=b45de8e","description_color":"globals\/colors?id=c6364c3","description_typography_typography":"globals\/typography?id=8c87247"},"image_size_tablet":{"unit":"%","size":8,"sizes":[]}},"elements":[],"isInner":false,"widgetType":"image-box","elType":"widget"},{"id":"329b3b71","settings":{"image":{"url":"http:\/\/kfkit.rometheme.pro\/intera\/wp-content\/uploads\/sites\/18\/2022\/02\/I17.png","id":342,"alt":"","source":"library"},"title_text":"Service Date","description_text":"Rometheme Studio","position":"left","title_size":"h5","image_size":{"unit":"%","size":15,"sizes":[]},"text_align":"left","content_vertical_alignment":"middle","title_bottom_space":{"unit":"px","size":0,"sizes":[]},"__globals__":{"title_color":"globals\/colors?id=77ca2af","title_typography_typography":"globals\/typography?id=b45de8e","description_color":"globals\/colors?id=c6364c3","description_typography_typography":"globals\/typography?id=8c87247"},"image_size_tablet":{"unit":"%","size":8,"sizes":[]},"text_align_mobile":"left"},"elements":[],"isInner":false,"widgetType":"image-box","elType":"widget"},{"id":"40df6185","settings":{"image":{"url":"http:\/\/kfkit.rometheme.pro\/intera\/wp-content\/uploads\/sites\/18\/2022\/02\/I13.png","id":232,"alt":"","source":"library"},"title_text":"Location","description_text":"Indonesia, Pekanbaru","position":"left","title_size":"h5","image_size":{"unit":"%","size":15,"sizes":[]},"text_align":"left","content_vertical_alignment":"middle","title_bottom_space":{"unit":"px","size":0,"sizes":[]},"__globals__":{"title_color":"globals\/colors?id=77ca2af","title_typography_typography":"globals\/typography?id=b45de8e","description_color":"globals\/colors?id=c6364c3","description_typography_typography":"globals\/typography?id=8c87247"},"image_size_tablet":{"unit":"%","size":8,"sizes":[]}},"elements":[],"isInner":false,"widgetType":"image-box","elType":"widget"},{"id":"32c7cc1f","settings":{"space":{"unit":"px","size":20,"sizes":[]}},"elements":[],"isInner":false,"widgetType":"spacer","elType":"widget"},{"id":"548e2133","settings":{"title":"Team Service","header_size":"h4","__globals__":{"typography_typography":"globals\/typography?id=eeebd89","title_color":"globals\/colors?id=77ca2af","_background_color":"globals\/colors?id=91734c1"},"_margin":{"unit":"%","top":"0","right":"39","bottom":"0","left":"0","isLinked":false},"_margin_tablet":{"unit":"%","top":"0","right":"78","bottom":"0","left":"0","isLinked":false},"_margin_mobile":{"unit":"%","top":"0","right":"55","bottom":"0","left":"0","isLinked":false},"_padding":{"unit":"px","top":"10","right":"10","bottom":"10","left":"18","isLinked":false},"_background_background":"classic","_border_radius":{"unit":"px","top":"10","right":"10","bottom":"10","left":"10","isLinked":true},"_padding_tablet":{"unit":"px","top":"10","right":"10","bottom":"10","left":"20","isLinked":false},"_padding_mobile":{"unit":"px","top":"10","right":"10","bottom":"10","left":"15","isLinked":false}},"elements":[],"isInner":false,"widgetType":"heading","elType":"widget"},{"id":"c61db11","settings":{"image":{"url":"http:\/\/kfkit.rometheme.pro\/intera\/wp-content\/uploads\/sites\/18\/2022\/02\/testimonial-4.png","id":190,"alt":"","source":"library"},"title_text":"Clhoe Harris","description_text":"Programmer","position":"left","title_size":"h5","image_size":{"unit":"%","size":35,"sizes":[]},"text_align":"left","content_vertical_alignment":"middle","title_bottom_space":{"unit":"px","size":0,"sizes":[]},"__globals__":{"title_color":"globals\/colors?id=77ca2af","title_typography_typography":"globals\/typography?id=b45de8e","description_color":"globals\/colors?id=91734c1","description_typography_typography":"globals\/typography?id=bf2a579"},"image_size_tablet":{"unit":"%","size":15,"sizes":[]}},"elements":[],"isInner":false,"widgetType":"image-box","elType":"widget"},{"id":"34a70f33","settings":{"__globals__":{"text_color":"globals\/colors?id=c6364c3","typography_typography":"globals\/typography?id=8c87247"},"editor":"<p>Maecenas eros dui, tempus sit amet quam ac, ultrices vehicula elit.<\/p>"},"elements":[],"isInner":false,"widgetType":"text-editor","elType":"widget"},{"id":"21911ff5","settings":{"text":"Download PDF","align":"left","selected_icon":{"value":"fas fa-chevron-circle-right","library":"fa-solid"},"icon_align":"right","icon_indent":{"unit":"px","size":15,"sizes":[]},"border_border":"solid","border_width":{"unit":"px","top":"1","right":"1","bottom":"1","left":"1","isLinked":true},"text_padding":{"unit":"px","top":"0","right":"0","bottom":"0","left":"0","isLinked":true},"__globals__":{"typography_typography":"globals\/typography?id=a7477b6","border_color":"globals\/colors?id=76ffbce","button_text_color":"globals\/colors?id=91734c1","background_color":"globals\/colors?id=76ffbce","hover_color":"globals\/colors?id=77ca2af","button_background_hover_color":"globals\/colors?id=76ffbce","button_hover_border_color":"globals\/colors?id=76ffbce"}},"elements":[],"isInner":false,"widgetType":"button","elType":"widget"},{"id":"528f7ea4","settings":{"space":{"unit":"px","size":10,"sizes":[]}},"elements":[],"isInner":false,"widgetType":"spacer","elType":"widget"},{"id":"e179d15","settings":{"title":"Recent Services","header_size":"h4","__globals__":{"typography_typography":"globals\/typography?id=eeebd89","title_color":"globals\/colors?id=77ca2af","_background_color":"globals\/colors?id=91734c1"},"_margin":{"unit":"%","top":"0","right":"30","bottom":"0","left":"0","isLinked":false},"_margin_tablet":{"unit":"%","top":"0","right":"78","bottom":"0","left":"0","isLinked":false},"_margin_mobile":{"unit":"%","top":"0","right":"48","bottom":"0","left":"0","isLinked":false},"_padding":{"unit":"px","top":"10","right":"10","bottom":"10","left":"18","isLinked":false},"_background_background":"classic","_border_radius":{"unit":"px","top":"10","right":"10","bottom":"10","left":"10","isLinked":true},"_padding_tablet":{"unit":"px","top":"10","right":"10","bottom":"10","left":"20","isLinked":false},"_padding_mobile":{"unit":"px","top":"10","right":"10","bottom":"10","left":"15","isLinked":false}},"elements":[],"isInner":false,"widgetType":"heading","elType":"widget"},{"id":"38417854","settings":{"icon_list":[{"text":"Automated attack recording","selected_icon":{"value":"fas fa-check-circle","library":"fa-solid"},"link":{"url":"#","is_external":"","nofollow":"","custom_attributes":""},"_id":"03f1a43"},{"text":"SIEM Integration","selected_icon":{"value":"fas fa-check-circle","library":"fa-solid"},"link":{"url":"#","is_external":"","nofollow":"","custom_attributes":""},"_id":"2fba4e3"},{"text":"Attack Evidence & Analysis","selected_icon":{"value":"fas fa-check-circle","library":"fa-solid"},"_id":"f67026a","link":{"url":"#","is_external":"","nofollow":"","custom_attributes":""}},{"text":"Custom Methods","selected_icon":{"value":"fas fa-check-circle","library":"fa-solid"},"link":{"url":"#","is_external":"","nofollow":"","custom_attributes":""},"_id":"c8748fb"}],"space_between":{"unit":"px","size":10,"sizes":[]},"icon_align":"left","__globals__":{"icon_color":"globals\/colors?id=91734c1","text_color":"globals\/colors?id=c6364c3","text_color_hover":"globals\/colors?id=91734c1"}},"elements":[],"isInner":false,"widgetType":"icon-list","elType":"widget"},{"id":"3388f11c","settings":{"space":{"unit":"px","size":10,"sizes":[]}},"elements":[],"isInner":false,"widgetType":"spacer","elType":"widget"},{"id":"7eaa4b29","settings":{"title":"Follow Us On","header_size":"h4","__globals__":{"typography_typography":"globals\/typography?id=eeebd89","title_color":"globals\/colors?id=77ca2af","_background_color":"globals\/colors?id=91734c1"},"_margin":{"unit":"%","top":"0","right":"43","bottom":"0","left":"0","isLinked":false},"_margin_tablet":{"unit":"%","top":"0","right":"78","bottom":"0","left":"0","isLinked":false},"_margin_mobile":{"unit":"%","top":"0","right":"58","bottom":"0","left":"0","isLinked":false},"_padding":{"unit":"px","top":"10","right":"10","bottom":"10","left":"18","isLinked":false},"_background_background":"classic","_border_radius":{"unit":"px","top":"10","right":"10","bottom":"10","left":"10","isLinked":true},"_padding_tablet":{"unit":"px","top":"10","right":"10","bottom":"10","left":"20","isLinked":false},"_padding_mobile":{"unit":"px","top":"10","right":"10","bottom":"10","left":"15","isLinked":false}},"elements":[],"isInner":false,"widgetType":"heading","elType":"widget"},{"id":"499b99d","settings":{"space":{"unit":"px","size":10,"sizes":[]}},"elements":[],"isInner":false,"widgetType":"spacer","elType":"widget"},{"id":"75846396","settings":{"social_icon_list":[{"social_icon":{"value":"fab fa-facebook","library":"fa-brands"},"_id":"d1dc0e5","item_icon_color":"custom","__globals__":{"item_icon_primary_color":"globals\/colors?id=91734c1","item_icon_secondary_color":"globals\/colors?id=77ca2af"}},{"social_icon":{"value":"fab fa-twitter","library":"fa-brands"},"_id":"7831fea","item_icon_color":"custom","__globals__":{"item_icon_primary_color":"globals\/colors?id=91734c1","item_icon_secondary_color":"globals\/colors?id=77ca2af"}},{"social_icon":{"value":"fab fa-instagram","library":"fa-brands"},"item_icon_color":"custom","_id":"b9baef8","__globals__":{"item_icon_primary_color":"globals\/colors?id=91734c1","item_icon_secondary_color":"globals\/colors?id=77ca2af"}},{"social_icon":{"value":"fab fa-youtube","library":"fa-brands"},"_id":"58a97de","item_icon_color":"custom","__globals__":{"item_icon_primary_color":"globals\/colors?id=91734c1","item_icon_secondary_color":"globals\/colors?id=77ca2af"}}],"shape":"circle","align":"left","icon_color":"custom","icon_size":{"unit":"px","size":20,"sizes":[]},"icon_spacing":{"unit":"px","size":15,"sizes":[]}},"elements":[],"isInner":false,"widgetType":"social-icons","elType":"widget"}],"isInner":false,"elType":"column"},{"id":"7e2a8d64","settings":{"_column_size":50,"_inline_size":77,"padding":{"unit":"em","top":"1","right":"1","bottom":"1","left":"1","isLinked":true},"padding_tablet":{"unit":"em","top":"","right":"","bottom":"","left":"","isLinked":true},"padding_mobile":{"unit":"em","top":"","right":"","bottom":"","left":"","isLinked":true},"_inline_size_tablet":100},"elements":[{"id":"313a620a","settings":{"youtube_url":"https:\/\/www.youtube.com\/watch?v=XHOmBV4js_E","vimeo_url":"https:\/\/vimeo.com\/235215203","dailymotion_url":"https:\/\/www.dailymotion.com\/video\/x6tqhqb","show_image_overlay":"yes","image_overlay":{"url":"http:\/\/kfkit.rometheme.pro\/intera\/wp-content\/uploads\/sites\/18\/2022\/02\/P1.jpg","id":68,"alt":"","source":"library"},"play_icon_size":{"unit":"px","size":150,"sizes":[]},"_border_radius":{"unit":"px","top":"10","right":"10","bottom":"10","left":"10","isLinked":true},"__globals__":{"play_icon_color":"globals\/colors?id=91734c1"}},"elements":[],"isInner":false,"widgetType":"video","elType":"widget"},{"id":"5bd0799b","settings":{"title":"Evidence &amp; Analysis","header_size":"h3","_padding":{"unit":"px","top":"0","right":"0","bottom":"0","left":"15","isLinked":false},"_border_border":"solid","_border_width":{"unit":"px","top":"0","right":"0","bottom":"0","left":"2","isLinked":false},"__globals__":{"title_color":"globals\/colors?id=77ca2af","typography_typography":"globals\/typography?id=3c80dea","_border_color":"globals\/colors?id=91734c1"}},"elements":[],"isInner":false,"widgetType":"heading","elType":"widget"},{"id":"5c45e95c","settings":{"title":"Indonesia | February 18, 2022","header_size":"div","align":"left","__globals__":{"title_color":"globals\/colors?id=91734c1","typography_typography":"globals\/typography?id=bf2a579"}},"elements":[],"isInner":false,"widgetType":"heading","elType":"widget"},{"id":"1bc4b774","settings":{"editor":"<p>Lorem ipsum dolor sit amet, consectetur adipiscing elit. Donec ex leo, fringilla in molestie quis, porta vitae libero. In non erat consequat, feugiat massa blandit, varius lectus. Mauris sagittis sodales ex at tincidunt. Cras non felis et urna consequat dictum et vel est. Proin quis faucibus diam. Integer sed arcu in dolor gravida finibus. Vivamus non bibendum turpis. Cras dictum nulla et turpis lobortis tristique. Aliquam id massa leo. Praesent dapibus elit vitae urna iaculis, eu placerat tellus feugiat. Vestibulum ante ipsum primis in faucibus orci luctus et ultrices posuere cubilia curae; Vivamus consequat lectus lectus, quis pulvinar turpis condimentum et. Nunc maximus dolor sed viverra aliquam. Nunc sollicitudin, libero id condimentum tincidunt, mauris nulla efficitur risus, sed viverra nunc odio imperdiet dolor.<\/p><p>Vivamus cursus eget nibh et efficitur. Mauris vitae lacus et lorem molestie ullamcorper a in nisi. Phasellus a aliquet lacus. Suspendisse facilisis tempor lectus vel tempus. Quisque non ex nisl. Fusce tincidunt convallis odio vitae vehicula. Mauris interdum molestie imperdiet. Cras accumsan quam nec blandit sodales.<\/p>","__globals__":{"text_color":"globals\/colors?id=c6364c3","typography_typography":"globals\/typography?id=8c87247"}},"elements":[],"isInner":false,"widgetType":"text-editor","elType":"widget"},{"id":"7d2082ff","settings":{"title":"Overview Services","header_size":"h4","__globals__":{"typography_typography":"globals\/typography?id=eeebd89","title_color":"globals\/colors?id=77ca2af"}},"elements":[],"isInner":false,"widgetType":"heading","elType":"widget"},{"id":"1bfdac85","settings":{"editor":"<p>Donec feugiat, enim nec commodo posuere, purus ligula fringilla massa, sed fringilla sem orci et ante. Morbi rhoncus ante at fermentum sollicitudin. Nam bibendum dui nec pharetra elementum.Nullam aliquam eu lectus vitae aliquet. Duis non vehicula quam, eget rhoncus eros. Nulla mollis enim ut sapien luctus luctus.<\/p><p>Phasellus quis justo volutpat, rhoncus ligula tempus, venenatis tortor. Sed aliquam ligula dolor, id facilisis lacus hendrerit ut. Curabitur elementum pellentesque odio, et lacinia mi blandit sit amet. Nullam blandit leo turpis, at tincidunt diam volutpat a. Aenean congue rutrum est, non elementum turpis pellentesque vitae. Proin viverra velit est, sit amet aliquam metus pellentesque ac. Vivamus nec ante vitae enim maximus fermentum vel sit amet est.<\/p>","__globals__":{"text_color":"globals\/colors?id=c6364c3","typography_typography":"globals\/typography?id=8c87247"}},"elements":[],"isInner":false,"widgetType":"text-editor","elType":"widget"}],"isInner":false,"elType":"column"}],"isInner":false,"elType":"section"}],"settings":{"template":"elementor_header_footer"},"metadata":[]}