{"content":[{"id":"4ec28276","settings":{"height":"min-height","custom_height":{"unit":"vh","size":70,"sizes":[]},"custom_height_tablet":{"unit":"vh","size":"","sizes":[]},"custom_height_mobile":{"unit":"vh","size":"","sizes":[]},"background_background":"classic","background_image":{"url":"http:\/\/kfkit.rometheme.pro\/intera\/wp-content\/uploads\/sites\/18\/2022\/02\/P5.jpg","id":247,"alt":"","source":"library"},"background_position":"center center","background_size":"cover","background_overlay_background":"gradient","background_overlay_opacity":{"unit":"px","size":1,"sizes":[]},"__globals__":{"background_overlay_color_b":"globals\/colors?id=56d4114","background_overlay_color":"globals\/colors?id=91e2a4e"},"_title":"Header Page Section"},"elements":[{"id":"2d510461","settings":{"_column_size":100,"_inline_size":null,"padding":{"unit":"em","top":"1","right":"1","bottom":"1","left":"1","isLinked":true},"padding_tablet":{"unit":"em","top":"","right":"","bottom":"","left":"","isLinked":true},"padding_mobile":{"unit":"em","top":"","right":"","bottom":"","left":"","isLinked":true},"animation":"fadeIn","animation_duration":"slow"},"elements":[{"id":"1c79b7d3","settings":{"title":"Services.","align":"center","__globals__":{"title_color":"globals\/colors?id=77ca2af","typography_typography":"globals\/typography?id=397e667"},"title_color":"#F6F6F6"},"elements":[],"isInner":false,"widgetType":"heading","elType":"widget"}],"isInner":false,"elType":"column"}],"isInner":false,"elType":"section"},{"id":"56a04b3d","settings":{"background_background":"classic","padding":{"unit":"em","top":"6","right":"1","bottom":"6","left":"1","isLinked":false},"padding_tablet":{"unit":"em","top":"","right":"","bottom":"","left":"","isLinked":true},"padding_mobile":{"unit":"em","top":"","right":"","bottom":"","left":"","isLinked":true},"__globals__":{"background_color":"","background_color_b":"globals\/colors?id=76ffbce","background_overlay_color":"globals\/colors?id=56d4114","background_overlay_color_b":"globals\/colors?id=76ffbce"},"background_color_b":"#02010100","background_image":{"url":"http:\/\/kfkit.rometheme.pro\/intera\/wp-content\/uploads\/sites\/18\/2022\/02\/Landing-3.png","id":135,"alt":"","source":"library"},"background_position":"center center","background_attachment":"fixed","background_size":"cover","background_overlay_background":"gradient","background_overlay_color":"#19242D","background_overlay_color_b":"#02010100","background_overlay_opacity":{"unit":"px","size":1,"sizes":[]},"_title":"Services Section"},"elements":[{"id":"b519dcb","settings":{"_column_size":100,"_inline_size":null,"padding":{"unit":"em","top":"1","right":"1","bottom":"1","left":"1","isLinked":true},"padding_tablet":{"unit":"em","top":"","right":"","bottom":"","left":"","isLinked":true},"padding_mobile":{"unit":"em","top":"","right":"","bottom":"","left":"","isLinked":true}},"elements":[{"id":"11f1898f","settings":{"title":"OUR SERVICES","header_size":"h1","align":"center","title_color":"#F6F6F6","__globals__":{"title_color":"globals\/colors?id=91734c1","typography_typography":"globals\/typography?id=f1402b2"}},"elements":[],"isInner":false,"widgetType":"heading","elType":"widget"},{"id":"14edfd10","settings":{"title":"Expose Unknown Threats Become a Problem","header_size":"h3","align":"center","__globals__":{"title_color":"globals\/colors?id=77ca2af","typography_typography":"globals\/typography?id=3c80dea"},"title_color":"#F6F6F6","_margin":{"unit":"%","top":"0","right":"30","bottom":"0","left":"30","isLinked":false},"_margin_tablet":{"unit":"%","top":"0","right":"0","bottom":"0","left":"0","isLinked":false},"_margin_mobile":{"unit":"%","top":"","right":"","bottom":"","left":"","isLinked":true}},"elements":[],"isInner":false,"widgetType":"heading","elType":"widget"},{"id":"5ac00115","settings":{"__globals__":{"text_color":"globals\/colors?id=16f9f85","typography_typography":"globals\/typography?id=8c87247"},"editor":"<p>Maecenas eros dui, tempus sit amet quam ac, ultrices vehicula elit. Sed euismod vel tortor et luctus. In viverra finibus velit et ullamcorper. Vivamus eleifend\u00a0<\/p>","align":"center","_margin":{"unit":"%","top":"0","right":"25","bottom":"0","left":"25","isLinked":false},"_margin_tablet":{"unit":"%","top":"0","right":"0","bottom":"0","left":"0","isLinked":false},"_margin_mobile":{"unit":"%","top":"","right":"","bottom":"","left":"","isLinked":true}},"elements":[],"isInner":false,"widgetType":"text-editor","elType":"widget"},{"id":"1b2fcd5c","settings":{"structure":"30","animation":"fadeIn","animation_duration":"slow"},"elements":[{"id":"290d31e5","settings":{"_column_size":33,"_inline_size":null,"border_border":"solid","border_width":{"unit":"px","top":"1","right":"1","bottom":"1","left":"1","isLinked":true},"margin":{"unit":"em","top":"1","right":"1","bottom":"1","left":"1","isLinked":true},"margin_tablet":{"unit":"em","top":"","right":"","bottom":"","left":"","isLinked":true},"margin_mobile":{"unit":"em","top":"","right":"","bottom":"","left":"","isLinked":true},"padding":{"unit":"em","top":"3","right":"2","bottom":"3","left":"2","isLinked":false},"padding_tablet":{"unit":"em","top":"","right":"","bottom":"","left":"","isLinked":true},"padding_mobile":{"unit":"em","top":"","right":"","bottom":"","left":"","isLinked":true},"__globals__":{"border_color":"globals\/colors?id=91734c1"},"border_radius":{"unit":"px","top":"10","right":"10","bottom":"10","left":"10","isLinked":true},"_inline_size_tablet":50},"elements":[{"id":"729496a8","settings":{"title_text":"Attack Evidence","description_text":"Lorem ipsum dolor sit amet, consectetur adipiscing elit. Ut elit tellus, luctus nec ullamcorper mattis pulvinar.","image_space":{"unit":"px","size":8,"sizes":[]},"text_align":"center","title_bottom_space":{"unit":"px","size":5,"sizes":[]},"__globals__":{"title_color":"globals\/colors?id=91734c1","title_typography_typography":"globals\/typography?id=eeebd89","description_color":"globals\/colors?id=c6364c3","description_typography_typography":"globals\/typography?id=8c87247"},"image":{"url":"http:\/\/kfkit.rometheme.pro\/intera\/wp-content\/uploads\/sites\/18\/2022\/02\/I5.png","id":155,"alt":"","source":"library"},"title_color":"#F6F6F6"},"elements":[],"isInner":false,"widgetType":"image-box","elType":"widget"},{"id":"1d7b29e6","settings":{"text":"Learn More","align":"center","selected_icon":{"value":"fas fa-chevron-circle-right","library":"fa-solid"},"icon_align":"right","icon_indent":{"unit":"px","size":15,"sizes":[]},"border_border":"solid","border_width":{"unit":"px","top":"1","right":"1","bottom":"1","left":"1","isLinked":true},"text_padding":{"unit":"px","top":"0","right":"0","bottom":"0","left":"0","isLinked":true},"__globals__":{"typography_typography":"globals\/typography?id=a7477b6","border_color":"globals\/colors?id=76ffbce","button_text_color":"globals\/colors?id=91734c1","background_color":"globals\/colors?id=76ffbce","hover_color":"globals\/colors?id=77ca2af","button_background_hover_color":"globals\/colors?id=76ffbce","button_hover_border_color":"globals\/colors?id=76ffbce"}},"elements":[],"isInner":false,"widgetType":"button","elType":"widget"}],"isInner":true,"elType":"column"},{"id":"4bad0755","settings":{"_column_size":33,"_inline_size":null,"border_border":"solid","border_width":{"unit":"px","top":"1","right":"1","bottom":"1","left":"1","isLinked":true},"margin":{"unit":"em","top":"1","right":"1","bottom":"1","left":"1","isLinked":true},"margin_tablet":{"unit":"em","top":"","right":"","bottom":"","left":"","isLinked":true},"margin_mobile":{"unit":"em","top":"","right":"","bottom":"","left":"","isLinked":true},"padding":{"unit":"em","top":"3","right":"2","bottom":"3","left":"2","isLinked":false},"padding_tablet":{"unit":"em","top":"","right":"","bottom":"","left":"","isLinked":true},"padding_mobile":{"unit":"em","top":"","right":"","bottom":"","left":"","isLinked":true},"__globals__":{"border_color":"globals\/colors?id=91734c1"},"border_radius":{"unit":"px","top":"10","right":"10","bottom":"10","left":"10","isLinked":true},"_inline_size_tablet":50},"elements":[{"id":"1c94baa0","settings":{"title_text":"Automated attack","description_text":"Lorem ipsum dolor sit amet, consectetur adipiscing elit. Ut elit tellus, luctus nec ullamcorper mattis pulvinar.","image_space":{"unit":"px","size":8,"sizes":[]},"text_align":"center","title_bottom_space":{"unit":"px","size":5,"sizes":[]},"__globals__":{"title_color":"globals\/colors?id=91734c1","title_typography_typography":"globals\/typography?id=eeebd89","description_color":"globals\/colors?id=c6364c3","description_typography_typography":"globals\/typography?id=8c87247"},"image":{"url":"http:\/\/kfkit.rometheme.pro\/intera\/wp-content\/uploads\/sites\/18\/2022\/02\/I6.png","id":157,"alt":"","source":"library"},"title_color":"#F6F6F6"},"elements":[],"isInner":false,"widgetType":"image-box","elType":"widget"},{"id":"c02f478","settings":{"text":"Learn More","align":"center","selected_icon":{"value":"fas fa-chevron-circle-right","library":"fa-solid"},"icon_align":"right","icon_indent":{"unit":"px","size":15,"sizes":[]},"border_border":"solid","border_width":{"unit":"px","top":"1","right":"1","bottom":"1","left":"1","isLinked":true},"text_padding":{"unit":"px","top":"0","right":"0","bottom":"0","left":"0","isLinked":true},"__globals__":{"typography_typography":"globals\/typography?id=a7477b6","border_color":"globals\/colors?id=76ffbce","button_text_color":"globals\/colors?id=91734c1","background_color":"globals\/colors?id=76ffbce","hover_color":"globals\/colors?id=77ca2af","button_background_hover_color":"globals\/colors?id=76ffbce","button_hover_border_color":"globals\/colors?id=76ffbce"}},"elements":[],"isInner":false,"widgetType":"button","elType":"widget"}],"isInner":true,"elType":"column"},{"id":"206990a8","settings":{"_column_size":33,"_inline_size":null,"border_border":"solid","border_width":{"unit":"px","top":"1","right":"1","bottom":"1","left":"1","isLinked":true},"margin":{"unit":"em","top":"1","right":"1","bottom":"1","left":"1","isLinked":true},"margin_tablet":{"unit":"em","top":"","right":"","bottom":"","left":"","isLinked":true},"margin_mobile":{"unit":"em","top":"","right":"","bottom":"","left":"","isLinked":true},"padding":{"unit":"em","top":"3","right":"2","bottom":"3","left":"2","isLinked":false},"padding_tablet":{"unit":"em","top":"","right":"","bottom":"","left":"","isLinked":true},"padding_mobile":{"unit":"em","top":"","right":"","bottom":"","left":"","isLinked":true},"__globals__":{"border_color":"globals\/colors?id=91734c1"},"border_radius":{"unit":"px","top":"10","right":"10","bottom":"10","left":"10","isLinked":true},"_inline_size_tablet":100},"elements":[{"id":"2c9810ed","settings":{"title_text":"SIEM Integration","description_text":"Lorem ipsum dolor sit amet, consectetur adipiscing elit. Ut elit tellus, luctus nec ullamcorper mattis pulvinar.","image_space":{"unit":"px","size":8,"sizes":[]},"text_align":"center","title_bottom_space":{"unit":"px","size":5,"sizes":[]},"__globals__":{"title_color":"globals\/colors?id=91734c1","title_typography_typography":"globals\/typography?id=eeebd89","description_color":"globals\/colors?id=c6364c3","description_typography_typography":"globals\/typography?id=8c87247"},"image":{"url":"http:\/\/kfkit.rometheme.pro\/intera\/wp-content\/uploads\/sites\/18\/2022\/02\/I7.png","id":159,"alt":"","source":"library"},"title_color":"#F6F6F6"},"elements":[],"isInner":false,"widgetType":"image-box","elType":"widget"},{"id":"5a32f9dc","settings":{"text":"Learn More","align":"center","selected_icon":{"value":"fas fa-chevron-circle-right","library":"fa-solid"},"icon_align":"right","icon_indent":{"unit":"px","size":15,"sizes":[]},"border_border":"solid","border_width":{"unit":"px","top":"1","right":"1","bottom":"1","left":"1","isLinked":true},"text_padding":{"unit":"px","top":"0","right":"0","bottom":"0","left":"0","isLinked":true},"__globals__":{"typography_typography":"globals\/typography?id=a7477b6","border_color":"globals\/colors?id=76ffbce","button_text_color":"globals\/colors?id=91734c1","background_color":"globals\/colors?id=76ffbce","hover_color":"globals\/colors?id=77ca2af","button_background_hover_color":"globals\/colors?id=76ffbce","button_hover_border_color":"globals\/colors?id=76ffbce"}},"elements":[],"isInner":false,"widgetType":"button","elType":"widget"}],"isInner":true,"elType":"column"}],"isInner":true,"elType":"section"},{"id":"6a01ed3d","settings":{"structure":"30","animation":"fadeIn","animation_duration":"slow"},"elements":[{"id":"34f3fe25","settings":{"_column_size":33,"_inline_size":null,"border_border":"solid","border_width":{"unit":"px","top":"1","right":"1","bottom":"1","left":"1","isLinked":true},"margin":{"unit":"em","top":"1","right":"1","bottom":"1","left":"1","isLinked":true},"margin_tablet":{"unit":"em","top":"","right":"","bottom":"","left":"","isLinked":true},"margin_mobile":{"unit":"em","top":"","right":"","bottom":"","left":"","isLinked":true},"padding":{"unit":"em","top":"3","right":"2","bottom":"3","left":"2","isLinked":false},"padding_tablet":{"unit":"em","top":"","right":"","bottom":"","left":"","isLinked":true},"padding_mobile":{"unit":"em","top":"","right":"","bottom":"","left":"","isLinked":true},"__globals__":{"border_color":"globals\/colors?id=91734c1"},"border_radius":{"unit":"px","top":"10","right":"10","bottom":"10","left":"10","isLinked":true},"_inline_size_tablet":50},"elements":[{"id":"67d7da84","settings":{"title_text":"Custom Methods","description_text":"Lorem ipsum dolor sit amet, consectetur adipiscing elit. Ut elit tellus, luctus nec ullamcorper mattis pulvinar.","image_space":{"unit":"px","size":8,"sizes":[]},"text_align":"center","title_bottom_space":{"unit":"px","size":5,"sizes":[]},"__globals__":{"title_color":"globals\/colors?id=91734c1","title_typography_typography":"globals\/typography?id=eeebd89","description_color":"globals\/colors?id=c6364c3","description_typography_typography":"globals\/typography?id=8c87247"},"image":{"url":"http:\/\/kfkit.rometheme.pro\/intera\/wp-content\/uploads\/sites\/18\/2022\/02\/I8.png","id":160,"alt":"","source":"library"},"title_color":"#F6F6F6"},"elements":[],"isInner":false,"widgetType":"image-box","elType":"widget"},{"id":"34adee89","settings":{"text":"Learn More","align":"center","selected_icon":{"value":"fas fa-chevron-circle-right","library":"fa-solid"},"icon_align":"right","icon_indent":{"unit":"px","size":15,"sizes":[]},"border_border":"solid","border_width":{"unit":"px","top":"1","right":"1","bottom":"1","left":"1","isLinked":true},"text_padding":{"unit":"px","top":"0","right":"0","bottom":"0","left":"0","isLinked":true},"__globals__":{"typography_typography":"globals\/typography?id=a7477b6","border_color":"globals\/colors?id=76ffbce","button_text_color":"globals\/colors?id=91734c1","background_color":"globals\/colors?id=76ffbce","hover_color":"globals\/colors?id=77ca2af","button_background_hover_color":"globals\/colors?id=76ffbce","button_hover_border_color":"globals\/colors?id=76ffbce"}},"elements":[],"isInner":false,"widgetType":"button","elType":"widget"}],"isInner":true,"elType":"column"},{"id":"67292c90","settings":{"_column_size":33,"_inline_size":null,"border_border":"solid","border_width":{"unit":"px","top":"1","right":"1","bottom":"1","left":"1","isLinked":true},"margin":{"unit":"em","top":"1","right":"1","bottom":"1","left":"1","isLinked":true},"margin_tablet":{"unit":"em","top":"","right":"","bottom":"","left":"","isLinked":true},"margin_mobile":{"unit":"em","top":"","right":"","bottom":"","left":"","isLinked":true},"padding":{"unit":"em","top":"3","right":"2","bottom":"3","left":"2","isLinked":false},"padding_tablet":{"unit":"em","top":"","right":"","bottom":"","left":"","isLinked":true},"padding_mobile":{"unit":"em","top":"","right":"","bottom":"","left":"","isLinked":true},"__globals__":{"border_color":"globals\/colors?id=91734c1"},"border_radius":{"unit":"px","top":"10","right":"10","bottom":"10","left":"10","isLinked":true},"_inline_size_tablet":50},"elements":[{"id":"498ebad","settings":{"title_text":"AI-based Detection","description_text":"Lorem ipsum dolor sit amet, consectetur adipiscing elit. Ut elit tellus, luctus nec ullamcorper mattis pulvinar.","image_space":{"unit":"px","size":8,"sizes":[]},"text_align":"center","title_bottom_space":{"unit":"px","size":5,"sizes":[]},"__globals__":{"title_color":"globals\/colors?id=91734c1","title_typography_typography":"globals\/typography?id=eeebd89","description_color":"globals\/colors?id=c6364c3","description_typography_typography":"globals\/typography?id=8c87247"},"image":{"url":"http:\/\/kfkit.rometheme.pro\/intera\/wp-content\/uploads\/sites\/18\/2022\/02\/I9.png","id":161,"alt":"","source":"library"},"title_color":"#F6F6F6"},"elements":[],"isInner":false,"widgetType":"image-box","elType":"widget"},{"id":"7842ae3d","settings":{"text":"Learn More","align":"center","selected_icon":{"value":"fas fa-chevron-circle-right","library":"fa-solid"},"icon_align":"right","icon_indent":{"unit":"px","size":15,"sizes":[]},"border_border":"solid","border_width":{"unit":"px","top":"1","right":"1","bottom":"1","left":"1","isLinked":true},"text_padding":{"unit":"px","top":"0","right":"0","bottom":"0","left":"0","isLinked":true},"__globals__":{"typography_typography":"globals\/typography?id=a7477b6","border_color":"globals\/colors?id=76ffbce","button_text_color":"globals\/colors?id=91734c1","background_color":"globals\/colors?id=76ffbce","hover_color":"globals\/colors?id=77ca2af","button_background_hover_color":"globals\/colors?id=76ffbce","button_hover_border_color":"globals\/colors?id=76ffbce"}},"elements":[],"isInner":false,"widgetType":"button","elType":"widget"}],"isInner":true,"elType":"column"},{"id":"19de3e29","settings":{"_column_size":33,"_inline_size":null,"border_border":"solid","border_width":{"unit":"px","top":"1","right":"1","bottom":"1","left":"1","isLinked":true},"margin":{"unit":"em","top":"1","right":"1","bottom":"1","left":"1","isLinked":true},"margin_tablet":{"unit":"em","top":"","right":"","bottom":"","left":"","isLinked":true},"margin_mobile":{"unit":"em","top":"","right":"","bottom":"","left":"","isLinked":true},"padding":{"unit":"em","top":"3","right":"2","bottom":"3","left":"2","isLinked":false},"padding_tablet":{"unit":"em","top":"","right":"","bottom":"","left":"","isLinked":true},"padding_mobile":{"unit":"em","top":"","right":"","bottom":"","left":"","isLinked":true},"__globals__":{"border_color":"globals\/colors?id=91734c1"},"border_radius":{"unit":"px","top":"10","right":"10","bottom":"10","left":"10","isLinked":true},"_inline_size_tablet":100},"elements":[{"id":"6d2ae88e","settings":{"title_text":"Threat Intelligence","description_text":"Lorem ipsum dolor sit amet, consectetur adipiscing elit. Ut elit tellus, luctus nec ullamcorper mattis pulvinar.","image_space":{"unit":"px","size":8,"sizes":[]},"text_align":"center","title_bottom_space":{"unit":"px","size":5,"sizes":[]},"__globals__":{"title_color":"globals\/colors?id=91734c1","title_typography_typography":"globals\/typography?id=eeebd89","description_color":"globals\/colors?id=c6364c3","description_typography_typography":"globals\/typography?id=8c87247"},"image":{"url":"http:\/\/kfkit.rometheme.pro\/intera\/wp-content\/uploads\/sites\/18\/2022\/02\/I10.png","id":162,"alt":"","source":"library"},"title_color":"#F6F6F6"},"elements":[],"isInner":false,"widgetType":"image-box","elType":"widget"},{"id":"5e0da42c","settings":{"text":"Learn More","align":"center","selected_icon":{"value":"fas fa-chevron-circle-right","library":"fa-solid"},"icon_align":"right","icon_indent":{"unit":"px","size":15,"sizes":[]},"border_border":"solid","border_width":{"unit":"px","top":"1","right":"1","bottom":"1","left":"1","isLinked":true},"text_padding":{"unit":"px","top":"0","right":"0","bottom":"0","left":"0","isLinked":true},"__globals__":{"typography_typography":"globals\/typography?id=a7477b6","border_color":"globals\/colors?id=76ffbce","button_text_color":"globals\/colors?id=91734c1","background_color":"globals\/colors?id=76ffbce","hover_color":"globals\/colors?id=77ca2af","button_background_hover_color":"globals\/colors?id=76ffbce","button_hover_border_color":"globals\/colors?id=76ffbce"}},"elements":[],"isInner":false,"widgetType":"button","elType":"widget"}],"isInner":true,"elType":"column"}],"isInner":true,"elType":"section"}],"isInner":false,"elType":"column"}],"isInner":false,"elType":"section"},{"id":"5ad8289e","settings":{"background_background":"classic","margin":{"unit":"em","top":"","right":0,"bottom":"","left":0,"isLinked":true},"margin_tablet":{"unit":"em","top":"","right":"","bottom":"","left":"","isLinked":true},"margin_mobile":{"unit":"em","top":"","right":"","bottom":"","left":"","isLinked":true},"padding":{"unit":"em","top":"6","right":"1","bottom":"6","left":"1","isLinked":false},"padding_tablet":{"unit":"em","top":"","right":"","bottom":"","left":"","isLinked":true},"padding_mobile":{"unit":"em","top":"6","right":"1","bottom":"6","left":"1","isLinked":false},"__globals__":{"background_color_b":"globals\/colors?id=56d4114","background_color":"","background_overlay_color_b":"globals\/colors?id=56d4114","background_overlay_color":"globals\/colors?id=76ffbce"},"_title":"CTA section","background_color_b":"#19242D","background_image":{"url":"http:\/\/kfkit.rometheme.pro\/intera\/wp-content\/uploads\/sites\/18\/2022\/02\/Landing-3.png","id":135,"alt":"","source":"library"},"background_position":"center center","background_attachment":"fixed","background_size":"cover","background_overlay_background":"gradient","background_overlay_color":"#02010100","background_overlay_color_b":"#19242D","background_overlay_opacity":{"unit":"px","size":1,"sizes":[]}},"elements":[{"id":"45745c53","settings":{"_column_size":100,"_inline_size":null,"background_background":"classic","background_image":{"url":"http:\/\/kfkit.rometheme.pro\/intera\/wp-content\/uploads\/sites\/18\/2022\/02\/P5.jpg","id":247,"alt":"","source":"library"},"background_position":"top center","background_size":"cover","background_overlay_background":"gradient","background_overlay_opacity":{"unit":"px","size":1,"sizes":[]},"border_radius":{"unit":"px","top":"15","right":"15","bottom":"15","left":"15","isLinked":true},"margin":{"unit":"%","top":"","right":"","bottom":"","left":"","isLinked":true},"margin_tablet":{"unit":"%","top":"","right":"","bottom":"","left":"","isLinked":true},"margin_mobile":{"unit":"%","top":"","right":"","bottom":"","left":"","isLinked":true},"padding":{"unit":"em","top":"5","right":"35","bottom":"5","left":"5","isLinked":false},"padding_tablet":{"unit":"em","top":"3","right":"3","bottom":"3","left":"3","isLinked":true},"padding_mobile":{"unit":"em","top":"3","right":"2","bottom":"3","left":"2","isLinked":false},"__globals__":{"background_overlay_color":"globals\/colors?id=91e2a4e","background_overlay_color_b":"globals\/colors?id=56d4114"},"animation":"fadeIn","animation_duration":"slow"},"elements":[{"id":"5bed9eac","settings":{"title":"Intera Promotion","header_size":"h1","align":"left","title_color":"#F6F6F6","__globals__":{"title_color":"globals\/colors?id=91734c1","typography_typography":"globals\/typography?id=f1402b2"}},"elements":[],"isInner":false,"widgetType":"heading","elType":"widget"},{"id":"7df0a95b","settings":{"title":"Why Not Check Out These Resources to Help You Security Solution","header_size":"h3","align":"left","__globals__":{"title_color":"globals\/colors?id=77ca2af","typography_typography":"globals\/typography?id=3c80dea"},"title_color":"#F6F6F6"},"elements":[],"isInner":false,"widgetType":"heading","elType":"widget"},{"id":"3a7997f8","settings":{"__globals__":{"text_color":"globals\/colors?id=16f9f85","typography_typography":"globals\/typography?id=8c87247"},"editor":"<p>Promotion dui, tempus sit amet quam ac, ultrices vehicula elit. Sed euismod vel tortor et luctus. In viverra finibus velit et ullamcorper.<\/p>"},"elements":[],"isInner":false,"widgetType":"text-editor","elType":"widget"},{"id":"56402a6e","settings":{"icon_list":[{"text":"NetFlow and IPFIX basics","selected_icon":{"value":"fas fa-check-circle","library":"fa-solid"},"_id":"f67026a","link":{"url":"#","is_external":"","nofollow":"","custom_attributes":""}},{"text":"Network anomaly detection","selected_icon":{"value":"fas fa-check-circle","library":"fa-solid"},"link":{"url":"#","is_external":"","nofollow":"","custom_attributes":""},"_id":"03f1a43"}],"space_between":{"unit":"px","size":30,"sizes":[]},"icon_align":"left","__globals__":{"icon_color":"globals\/colors?id=91734c1","text_color":"globals\/colors?id=77ca2af","text_color_hover":"globals\/colors?id=91734c1"},"view":"inline"},"elements":[],"isInner":false,"widgetType":"icon-list","elType":"widget"},{"id":"4345f1b7","settings":{"text":"get started","align":"left","__globals__":{"typography_typography":"globals\/typography?id=a7477b6"}},"elements":[],"isInner":false,"widgetType":"button","elType":"widget"}],"isInner":false,"elType":"column"}],"isInner":false,"elType":"section"}],"settings":[],"metadata":[]}