{"content":[{"id":"20e60e86","settings":{"height":"min-height","custom_height":{"unit":"vh","size":70,"sizes":[]},"custom_height_tablet":{"unit":"vh","size":"","sizes":[]},"custom_height_mobile":{"unit":"vh","size":"","sizes":[]},"background_background":"classic","background_image":{"url":"http:\/\/kfkit.rometheme.pro\/intera\/wp-content\/uploads\/sites\/18\/2022\/02\/P5.jpg","id":247,"alt":"","source":"library"},"background_position":"center center","background_size":"cover","background_overlay_background":"gradient","background_overlay_opacity":{"unit":"px","size":1,"sizes":[]},"__globals__":{"background_overlay_color_b":"globals\/colors?id=56d4114","background_overlay_color":"globals\/colors?id=91e2a4e"},"_title":"Header Page Section"},"elements":[{"id":"55853e63","settings":{"_column_size":100,"_inline_size":null,"padding":{"unit":"em","top":"1","right":"1","bottom":"1","left":"1","isLinked":true},"padding_tablet":{"unit":"em","top":"","right":"","bottom":"","left":"","isLinked":true},"padding_mobile":{"unit":"em","top":"","right":"","bottom":"","left":"","isLinked":true},"animation":"fadeIn","animation_duration":"slow"},"elements":[{"id":"7a723665","settings":{"title":"Expert Team.","header_size":"h3","align":"center","__globals__":{"title_color":"globals\/colors?id=77ca2af","typography_typography":"globals\/typography?id=397e667"},"title_color":"#F6F6F6"},"elements":[],"isInner":false,"widgetType":"heading","elType":"widget"}],"isInner":false,"elType":"column"}],"isInner":false,"elType":"section"},{"id":"26a38615","settings":{"padding":{"unit":"em","top":"6","right":"1","bottom":"6","left":"1","isLinked":false},"padding_tablet":{"unit":"em","top":"","right":"","bottom":"","left":"","isLinked":true},"padding_mobile":{"unit":"em","top":"","right":"","bottom":"","left":"","isLinked":true},"background_background":"gradient","__globals__":{"background_color":"globals\/colors?id=56d4114","background_color_b":"globals\/colors?id=76ffbce"},"_title":"Team Section"},"elements":[{"id":"406f8d82","settings":{"_column_size":100,"_inline_size":null,"background_background":"classic","border_width":{"unit":"px","top":"1","right":"1","bottom":"1","left":"1","isLinked":true},"border_radius":{"unit":"px","top":"15","right":"15","bottom":"15","left":"15","isLinked":true},"margin":{"unit":"em","top":"","right":"","bottom":"","left":"","isLinked":true},"margin_tablet":{"unit":"em","top":"","right":"","bottom":"","left":"","isLinked":true},"margin_mobile":{"unit":"em","top":"","right":"","bottom":"","left":"","isLinked":true},"padding":{"unit":"em","top":"1","right":"1","bottom":"1","left":"1","isLinked":true},"padding_tablet":{"unit":"em","top":"","right":"","bottom":"","left":"","isLinked":true},"padding_mobile":{"unit":"em","top":"","right":"","bottom":"","left":"","isLinked":true},"__globals__":{"border_color":"globals\/colors?id=91734c1"}},"elements":[{"id":"7e9011e1","settings":{"title":"INTERA TEAM","header_size":"h1","align":"center","title_color":"#F6F6F6","__globals__":{"title_color":"globals\/colors?id=91734c1","typography_typography":"globals\/typography?id=f1402b2"}},"elements":[],"isInner":false,"widgetType":"heading","elType":"widget"},{"id":"48c04882","settings":{"title":"We Have Professional Here","header_size":"h3","align":"center","__globals__":{"title_color":"globals\/colors?id=77ca2af","typography_typography":"globals\/typography?id=3c80dea"},"title_color":"#F6F6F6","_margin":{"unit":"%","top":"0","right":"30","bottom":"0","left":"30","isLinked":false},"_margin_tablet":{"unit":"%","top":"0","right":"0","bottom":"0","left":"0","isLinked":false},"_margin_mobile":{"unit":"%","top":"","right":"","bottom":"","left":"","isLinked":true}},"elements":[],"isInner":false,"widgetType":"heading","elType":"widget"},{"id":"4099665d","settings":{"__globals__":{"text_color":"globals\/colors?id=16f9f85","typography_typography":"globals\/typography?id=8c87247"},"editor":"<p>Maecenas eros dui, tempus sit amet quam ac, ultrices vehicula elit. Sed euismod vel tortor et luctus. In viverra finibus velit et ullamcorper. Vivamus eleifend\u00a0<\/p>","align":"center","_margin":{"unit":"%","top":"0","right":"25","bottom":"0","left":"25","isLinked":false},"_margin_tablet":{"unit":"%","top":"0","right":"0","bottom":"0","left":"0","isLinked":false},"_margin_mobile":{"unit":"%","top":"","right":"","bottom":"","left":"","isLinked":true}},"elements":[],"isInner":false,"widgetType":"text-editor","elType":"widget"},{"id":"76716a70","settings":{"structure":"30"},"elements":[{"id":"774c5565","settings":{"_column_size":33,"_inline_size":null,"space_between_widgets":0,"background_background":"classic","border_border":"solid","border_width":{"unit":"px","top":"1","right":"1","bottom":"1","left":"1","isLinked":true},"border_radius":{"unit":"px","top":"15","right":"15","bottom":"15","left":"15","isLinked":true},"margin":{"unit":"em","top":"1","right":"1","bottom":"1","left":"1","isLinked":true},"margin_tablet":{"unit":"em","top":"","right":"","bottom":"","left":"","isLinked":true},"margin_mobile":{"unit":"em","top":"","right":"","bottom":"","left":"","isLinked":true},"padding":{"unit":"em","top":"1","right":"1","bottom":"1","left":"1","isLinked":true},"padding_tablet":{"unit":"em","top":"","right":"","bottom":"","left":"","isLinked":true},"padding_mobile":{"unit":"em","top":"","right":"","bottom":"","left":"","isLinked":true},"__globals__":{"border_color":"globals\/colors?id=91734c1"}},"elements":[{"id":"5f0321cc","settings":{"image":{"url":"http:\/\/kfkit.rometheme.pro\/intera\/wp-content\/uploads\/sites\/18\/2022\/02\/T5.jpg","id":383,"alt":"","source":"library"},"image_size":"full","css_filters_css_filter":"custom","css_filters_brightness":{"unit":"px","size":58,"sizes":[]},"css_filters_hover_css_filter":"custom","background_hover_transition":{"unit":"px","size":1,"sizes":[]},"image_border_radius":{"unit":"px","top":"5","right":"5","bottom":"5","left":"5","isLinked":true}},"elements":[],"isInner":false,"widgetType":"image","elType":"widget"},{"id":"1fad93a9","settings":{"space":{"unit":"px","size":20,"sizes":[]}},"elements":[],"isInner":false,"widgetType":"spacer","elType":"widget"},{"id":"6367dca8","settings":{"title":"Colt Porter","header_size":"h4","align":"center","__globals__":{"title_color":"globals\/colors?id=91734c1","typography_typography":"globals\/typography?id=eeebd89"}},"elements":[],"isInner":false,"widgetType":"heading","elType":"widget"},{"id":"4e913444","settings":{"title":"CEO | Founder INTERA","header_size":"h6","align":"center","__globals__":{"title_color":"globals\/colors?id=c6364c3","typography_typography":"globals\/typography?id=bf2a579"}},"elements":[],"isInner":false,"widgetType":"heading","elType":"widget"},{"id":"5a5d5654","settings":{"space":{"unit":"px","size":10,"sizes":[]}},"elements":[],"isInner":false,"widgetType":"spacer","elType":"widget"},{"id":"64c14da3","settings":{"social_icon_list":[{"social_icon":{"value":"fab fa-facebook","library":"fa-brands"},"_id":"d1dc0e5","item_icon_color":"custom","__globals__":{"item_icon_primary_color":"globals\/colors?id=91734c1","item_icon_secondary_color":"globals\/colors?id=77ca2af"}},{"social_icon":{"value":"fab fa-twitter","library":"fa-brands"},"_id":"7831fea","item_icon_color":"custom","__globals__":{"item_icon_primary_color":"globals\/colors?id=91734c1","item_icon_secondary_color":"globals\/colors?id=77ca2af"}},{"social_icon":{"value":"fab fa-instagram","library":"fa-brands"},"item_icon_color":"custom","_id":"b9baef8","__globals__":{"item_icon_primary_color":"globals\/colors?id=91734c1","item_icon_secondary_color":"globals\/colors?id=77ca2af"}},{"social_icon":{"value":"fab fa-youtube","library":"fa-brands"},"_id":"58a97de","item_icon_color":"custom","__globals__":{"item_icon_primary_color":"globals\/colors?id=91734c1","item_icon_secondary_color":"globals\/colors?id=77ca2af"}}],"shape":"circle","icon_color":"custom","icon_size":{"unit":"px","size":12,"sizes":[]},"icon_spacing":{"unit":"px","size":10,"sizes":[]},"hover_animation":"grow"},"elements":[],"isInner":false,"widgetType":"social-icons","elType":"widget"}],"isInner":true,"elType":"column"},{"id":"26d40d08","settings":{"_column_size":33,"_inline_size":null,"space_between_widgets":0,"background_background":"classic","border_border":"solid","border_width":{"unit":"px","top":"1","right":"1","bottom":"1","left":"1","isLinked":true},"border_radius":{"unit":"px","top":"15","right":"15","bottom":"15","left":"15","isLinked":true},"margin":{"unit":"em","top":"1","right":"1","bottom":"1","left":"1","isLinked":true},"margin_tablet":{"unit":"em","top":"","right":"","bottom":"","left":"","isLinked":true},"margin_mobile":{"unit":"em","top":"","right":"","bottom":"","left":"","isLinked":true},"padding":{"unit":"em","top":"1","right":"1","bottom":"1","left":"1","isLinked":true},"padding_tablet":{"unit":"em","top":"","right":"","bottom":"","left":"","isLinked":true},"padding_mobile":{"unit":"em","top":"","right":"","bottom":"","left":"","isLinked":true},"__globals__":{"border_color":"globals\/colors?id=91734c1"}},"elements":[{"id":"3adae6da","settings":{"image":{"url":"http:\/\/kfkit.rometheme.pro\/intera\/wp-content\/uploads\/sites\/18\/2022\/02\/T6.jpg","id":384,"alt":"","source":"library"},"image_size":"full","css_filters_css_filter":"custom","css_filters_brightness":{"unit":"px","size":58,"sizes":[]},"css_filters_hover_css_filter":"custom","background_hover_transition":{"unit":"px","size":1,"sizes":[]},"image_border_radius":{"unit":"px","top":"5","right":"5","bottom":"5","left":"5","isLinked":true}},"elements":[],"isInner":false,"widgetType":"image","elType":"widget"},{"id":"382dc693","settings":{"space":{"unit":"px","size":20,"sizes":[]}},"elements":[],"isInner":false,"widgetType":"spacer","elType":"widget"},{"id":"426b54ba","settings":{"title":"Elena Malkova","header_size":"h4","align":"center","__globals__":{"title_color":"globals\/colors?id=91734c1","typography_typography":"globals\/typography?id=eeebd89"}},"elements":[],"isInner":false,"widgetType":"heading","elType":"widget"},{"id":"7f79f6d6","settings":{"title":"INTERA | Programmer","header_size":"h6","align":"center","__globals__":{"title_color":"globals\/colors?id=c6364c3","typography_typography":"globals\/typography?id=bf2a579"}},"elements":[],"isInner":false,"widgetType":"heading","elType":"widget"},{"id":"666c19a4","settings":{"space":{"unit":"px","size":10,"sizes":[]}},"elements":[],"isInner":false,"widgetType":"spacer","elType":"widget"},{"id":"67eda4e4","settings":{"social_icon_list":[{"social_icon":{"value":"fab fa-facebook","library":"fa-brands"},"_id":"d1dc0e5","item_icon_color":"custom","__globals__":{"item_icon_primary_color":"globals\/colors?id=91734c1","item_icon_secondary_color":"globals\/colors?id=77ca2af"}},{"social_icon":{"value":"fab fa-twitter","library":"fa-brands"},"_id":"7831fea","item_icon_color":"custom","__globals__":{"item_icon_primary_color":"globals\/colors?id=91734c1","item_icon_secondary_color":"globals\/colors?id=77ca2af"}},{"social_icon":{"value":"fab fa-instagram","library":"fa-brands"},"item_icon_color":"custom","_id":"b9baef8","__globals__":{"item_icon_primary_color":"globals\/colors?id=91734c1","item_icon_secondary_color":"globals\/colors?id=77ca2af"}},{"social_icon":{"value":"fab fa-youtube","library":"fa-brands"},"_id":"58a97de","item_icon_color":"custom","__globals__":{"item_icon_primary_color":"globals\/colors?id=91734c1","item_icon_secondary_color":"globals\/colors?id=77ca2af"}}],"shape":"circle","icon_color":"custom","icon_size":{"unit":"px","size":12,"sizes":[]},"icon_spacing":{"unit":"px","size":10,"sizes":[]},"hover_animation":"grow"},"elements":[],"isInner":false,"widgetType":"social-icons","elType":"widget"}],"isInner":true,"elType":"column"},{"id":"5c03637b","settings":{"_column_size":33,"_inline_size":null,"space_between_widgets":0,"background_background":"classic","border_border":"solid","border_width":{"unit":"px","top":"1","right":"1","bottom":"1","left":"1","isLinked":true},"border_radius":{"unit":"px","top":"15","right":"15","bottom":"15","left":"15","isLinked":true},"margin":{"unit":"em","top":"1","right":"1","bottom":"1","left":"1","isLinked":true},"margin_tablet":{"unit":"em","top":"","right":"","bottom":"","left":"","isLinked":true},"margin_mobile":{"unit":"em","top":"","right":"","bottom":"","left":"","isLinked":true},"padding":{"unit":"em","top":"1","right":"1","bottom":"1","left":"1","isLinked":true},"padding_tablet":{"unit":"em","top":"","right":"","bottom":"","left":"","isLinked":true},"padding_mobile":{"unit":"em","top":"","right":"","bottom":"","left":"","isLinked":true},"__globals__":{"border_color":"globals\/colors?id=91734c1"}},"elements":[{"id":"7a977596","settings":{"image":{"url":"http:\/\/kfkit.rometheme.pro\/intera\/wp-content\/uploads\/sites\/18\/2022\/02\/T3.jpg","id":381,"alt":"","source":"library"},"image_size":"full","css_filters_css_filter":"custom","css_filters_brightness":{"unit":"px","size":58,"sizes":[]},"css_filters_hover_css_filter":"custom","background_hover_transition":{"unit":"px","size":1,"sizes":[]},"image_border_radius":{"unit":"px","top":"5","right":"5","bottom":"5","left":"5","isLinked":true}},"elements":[],"isInner":false,"widgetType":"image","elType":"widget"},{"id":"868294c","settings":{"space":{"unit":"px","size":20,"sizes":[]}},"elements":[],"isInner":false,"widgetType":"spacer","elType":"widget"},{"id":"66571902","settings":{"title":"Ryan Smith","header_size":"h4","align":"center","__globals__":{"title_color":"globals\/colors?id=91734c1","typography_typography":"globals\/typography?id=eeebd89"}},"elements":[],"isInner":false,"widgetType":"heading","elType":"widget"},{"id":"4393ad1e","settings":{"title":"INTERA | Cyber Expertise","header_size":"h6","align":"center","__globals__":{"title_color":"globals\/colors?id=c6364c3","typography_typography":"globals\/typography?id=bf2a579"}},"elements":[],"isInner":false,"widgetType":"heading","elType":"widget"},{"id":"33ce698","settings":{"space":{"unit":"px","size":10,"sizes":[]}},"elements":[],"isInner":false,"widgetType":"spacer","elType":"widget"},{"id":"d56fe6","settings":{"social_icon_list":[{"social_icon":{"value":"fab fa-facebook","library":"fa-brands"},"_id":"d1dc0e5","item_icon_color":"custom","__globals__":{"item_icon_primary_color":"globals\/colors?id=91734c1","item_icon_secondary_color":"globals\/colors?id=77ca2af"}},{"social_icon":{"value":"fab fa-twitter","library":"fa-brands"},"_id":"7831fea","item_icon_color":"custom","__globals__":{"item_icon_primary_color":"globals\/colors?id=91734c1","item_icon_secondary_color":"globals\/colors?id=77ca2af"}},{"social_icon":{"value":"fab fa-instagram","library":"fa-brands"},"item_icon_color":"custom","_id":"b9baef8","__globals__":{"item_icon_primary_color":"globals\/colors?id=91734c1","item_icon_secondary_color":"globals\/colors?id=77ca2af"}},{"social_icon":{"value":"fab fa-youtube","library":"fa-brands"},"_id":"58a97de","item_icon_color":"custom","__globals__":{"item_icon_primary_color":"globals\/colors?id=91734c1","item_icon_secondary_color":"globals\/colors?id=77ca2af"}}],"shape":"circle","icon_color":"custom","icon_size":{"unit":"px","size":12,"sizes":[]},"icon_spacing":{"unit":"px","size":10,"sizes":[]},"hover_animation":"grow"},"elements":[],"isInner":false,"widgetType":"social-icons","elType":"widget"}],"isInner":true,"elType":"column"}],"isInner":true,"elType":"section"},{"id":"5202d386","settings":{"structure":"30"},"elements":[{"id":"303978da","settings":{"_column_size":33,"_inline_size":null,"space_between_widgets":0,"background_background":"classic","border_border":"solid","border_width":{"unit":"px","top":"1","right":"1","bottom":"1","left":"1","isLinked":true},"border_radius":{"unit":"px","top":"15","right":"15","bottom":"15","left":"15","isLinked":true},"margin":{"unit":"em","top":"1","right":"1","bottom":"1","left":"1","isLinked":true},"margin_tablet":{"unit":"em","top":"","right":"","bottom":"","left":"","isLinked":true},"margin_mobile":{"unit":"em","top":"","right":"","bottom":"","left":"","isLinked":true},"padding":{"unit":"em","top":"1","right":"1","bottom":"1","left":"1","isLinked":true},"padding_tablet":{"unit":"em","top":"","right":"","bottom":"","left":"","isLinked":true},"padding_mobile":{"unit":"em","top":"","right":"","bottom":"","left":"","isLinked":true},"__globals__":{"border_color":"globals\/colors?id=91734c1"}},"elements":[{"id":"2d80f974","settings":{"image":{"url":"http:\/\/kfkit.rometheme.pro\/intera\/wp-content\/uploads\/sites\/18\/2022\/02\/T4-1.jpg","id":397,"alt":"","source":"library"},"image_size":"full","css_filters_css_filter":"custom","css_filters_brightness":{"unit":"px","size":58,"sizes":[]},"css_filters_hover_css_filter":"custom","background_hover_transition":{"unit":"px","size":1,"sizes":[]},"image_border_radius":{"unit":"px","top":"5","right":"5","bottom":"5","left":"5","isLinked":true}},"elements":[],"isInner":false,"widgetType":"image","elType":"widget"},{"id":"3c4da247","settings":{"space":{"unit":"px","size":20,"sizes":[]}},"elements":[],"isInner":false,"widgetType":"spacer","elType":"widget"},{"id":"b02792f","settings":{"title":"Chloe Harris","header_size":"h4","align":"center","__globals__":{"title_color":"globals\/colors?id=91734c1","typography_typography":"globals\/typography?id=eeebd89"}},"elements":[],"isInner":false,"widgetType":"heading","elType":"widget"},{"id":"38b7ce26","settings":{"title":"INTERA | Network Security","header_size":"h6","align":"center","__globals__":{"title_color":"globals\/colors?id=c6364c3","typography_typography":"globals\/typography?id=bf2a579"}},"elements":[],"isInner":false,"widgetType":"heading","elType":"widget"},{"id":"5321a6cc","settings":{"space":{"unit":"px","size":10,"sizes":[]}},"elements":[],"isInner":false,"widgetType":"spacer","elType":"widget"},{"id":"1e28fceb","settings":{"social_icon_list":[{"social_icon":{"value":"fab fa-facebook","library":"fa-brands"},"_id":"d1dc0e5","item_icon_color":"custom","__globals__":{"item_icon_primary_color":"globals\/colors?id=91734c1","item_icon_secondary_color":"globals\/colors?id=77ca2af"}},{"social_icon":{"value":"fab fa-twitter","library":"fa-brands"},"_id":"7831fea","item_icon_color":"custom","__globals__":{"item_icon_primary_color":"globals\/colors?id=91734c1","item_icon_secondary_color":"globals\/colors?id=77ca2af"}},{"social_icon":{"value":"fab fa-instagram","library":"fa-brands"},"item_icon_color":"custom","_id":"b9baef8","__globals__":{"item_icon_primary_color":"globals\/colors?id=91734c1","item_icon_secondary_color":"globals\/colors?id=77ca2af"}},{"social_icon":{"value":"fab fa-youtube","library":"fa-brands"},"_id":"58a97de","item_icon_color":"custom","__globals__":{"item_icon_primary_color":"globals\/colors?id=91734c1","item_icon_secondary_color":"globals\/colors?id=77ca2af"}}],"shape":"circle","icon_color":"custom","icon_size":{"unit":"px","size":12,"sizes":[]},"icon_spacing":{"unit":"px","size":10,"sizes":[]},"hover_animation":"grow"},"elements":[],"isInner":false,"widgetType":"social-icons","elType":"widget"}],"isInner":true,"elType":"column"},{"id":"7a6c011d","settings":{"_column_size":33,"_inline_size":null,"space_between_widgets":0,"background_background":"classic","border_border":"solid","border_width":{"unit":"px","top":"1","right":"1","bottom":"1","left":"1","isLinked":true},"border_radius":{"unit":"px","top":"15","right":"15","bottom":"15","left":"15","isLinked":true},"margin":{"unit":"em","top":"1","right":"1","bottom":"1","left":"1","isLinked":true},"margin_tablet":{"unit":"em","top":"","right":"","bottom":"","left":"","isLinked":true},"margin_mobile":{"unit":"em","top":"","right":"","bottom":"","left":"","isLinked":true},"padding":{"unit":"em","top":"1","right":"1","bottom":"1","left":"1","isLinked":true},"padding_tablet":{"unit":"em","top":"","right":"","bottom":"","left":"","isLinked":true},"padding_mobile":{"unit":"em","top":"","right":"","bottom":"","left":"","isLinked":true},"__globals__":{"border_color":"globals\/colors?id=91734c1"}},"elements":[{"id":"2996d1b","settings":{"image":{"url":"http:\/\/kfkit.rometheme.pro\/intera\/wp-content\/uploads\/sites\/18\/2022\/02\/T1.jpg","id":379,"alt":"","source":"library"},"image_size":"full","css_filters_css_filter":"custom","css_filters_brightness":{"unit":"px","size":58,"sizes":[]},"css_filters_hover_css_filter":"custom","background_hover_transition":{"unit":"px","size":1,"sizes":[]},"image_border_radius":{"unit":"px","top":"5","right":"5","bottom":"5","left":"5","isLinked":true}},"elements":[],"isInner":false,"widgetType":"image","elType":"widget"},{"id":"1f1d48e5","settings":{"space":{"unit":"px","size":20,"sizes":[]}},"elements":[],"isInner":false,"widgetType":"spacer","elType":"widget"},{"id":"37f5fe6a","settings":{"title":"Morris Anthony\n\n","header_size":"h4","align":"center","__globals__":{"title_color":"globals\/colors?id=91734c1","typography_typography":"globals\/typography?id=eeebd89"}},"elements":[],"isInner":false,"widgetType":"heading","elType":"widget"},{"id":"474ed887","settings":{"title":"INTERA | Cyber Expertise","header_size":"h6","align":"center","__globals__":{"title_color":"globals\/colors?id=c6364c3","typography_typography":"globals\/typography?id=bf2a579"}},"elements":[],"isInner":false,"widgetType":"heading","elType":"widget"},{"id":"487419a6","settings":{"space":{"unit":"px","size":10,"sizes":[]}},"elements":[],"isInner":false,"widgetType":"spacer","elType":"widget"},{"id":"2320b2f8","settings":{"social_icon_list":[{"social_icon":{"value":"fab fa-facebook","library":"fa-brands"},"_id":"d1dc0e5","item_icon_color":"custom","__globals__":{"item_icon_primary_color":"globals\/colors?id=91734c1","item_icon_secondary_color":"globals\/colors?id=77ca2af"}},{"social_icon":{"value":"fab fa-twitter","library":"fa-brands"},"_id":"7831fea","item_icon_color":"custom","__globals__":{"item_icon_primary_color":"globals\/colors?id=91734c1","item_icon_secondary_color":"globals\/colors?id=77ca2af"}},{"social_icon":{"value":"fab fa-instagram","library":"fa-brands"},"item_icon_color":"custom","_id":"b9baef8","__globals__":{"item_icon_primary_color":"globals\/colors?id=91734c1","item_icon_secondary_color":"globals\/colors?id=77ca2af"}},{"social_icon":{"value":"fab fa-youtube","library":"fa-brands"},"_id":"58a97de","item_icon_color":"custom","__globals__":{"item_icon_primary_color":"globals\/colors?id=91734c1","item_icon_secondary_color":"globals\/colors?id=77ca2af"}}],"shape":"circle","icon_color":"custom","icon_size":{"unit":"px","size":12,"sizes":[]},"icon_spacing":{"unit":"px","size":10,"sizes":[]},"hover_animation":"grow"},"elements":[],"isInner":false,"widgetType":"social-icons","elType":"widget"}],"isInner":true,"elType":"column"},{"id":"1390ce4e","settings":{"_column_size":33,"_inline_size":null,"space_between_widgets":0,"background_background":"classic","border_border":"solid","border_width":{"unit":"px","top":"1","right":"1","bottom":"1","left":"1","isLinked":true},"border_radius":{"unit":"px","top":"15","right":"15","bottom":"15","left":"15","isLinked":true},"margin":{"unit":"em","top":"1","right":"1","bottom":"1","left":"1","isLinked":true},"margin_tablet":{"unit":"em","top":"","right":"","bottom":"","left":"","isLinked":true},"margin_mobile":{"unit":"em","top":"","right":"","bottom":"","left":"","isLinked":true},"padding":{"unit":"em","top":"1","right":"1","bottom":"1","left":"1","isLinked":true},"padding_tablet":{"unit":"em","top":"","right":"","bottom":"","left":"","isLinked":true},"padding_mobile":{"unit":"em","top":"","right":"","bottom":"","left":"","isLinked":true},"__globals__":{"border_color":"globals\/colors?id=91734c1"}},"elements":[{"id":"3f1d6c2e","settings":{"image":{"url":"http:\/\/kfkit.rometheme.pro\/intera\/wp-content\/uploads\/sites\/18\/2022\/02\/T2.jpg","id":380,"alt":"","source":"library"},"image_size":"full","css_filters_css_filter":"custom","css_filters_brightness":{"unit":"px","size":58,"sizes":[]},"css_filters_hover_css_filter":"custom","background_hover_transition":{"unit":"px","size":1,"sizes":[]},"image_border_radius":{"unit":"px","top":"5","right":"5","bottom":"5","left":"5","isLinked":true}},"elements":[],"isInner":false,"widgetType":"image","elType":"widget"},{"id":"3e6588a3","settings":{"space":{"unit":"px","size":20,"sizes":[]}},"elements":[],"isInner":false,"widgetType":"spacer","elType":"widget"},{"id":"2fbbbf17","settings":{"title":"Abigail Jackson","header_size":"h4","align":"center","__globals__":{"title_color":"globals\/colors?id=91734c1","typography_typography":"globals\/typography?id=eeebd89"}},"elements":[],"isInner":false,"widgetType":"heading","elType":"widget"},{"id":"665b365b","settings":{"title":"INTERA | Programmer","header_size":"h6","align":"center","__globals__":{"title_color":"globals\/colors?id=c6364c3","typography_typography":"globals\/typography?id=bf2a579"}},"elements":[],"isInner":false,"widgetType":"heading","elType":"widget"},{"id":"782e7924","settings":{"space":{"unit":"px","size":10,"sizes":[]}},"elements":[],"isInner":false,"widgetType":"spacer","elType":"widget"},{"id":"37a5dc2a","settings":{"social_icon_list":[{"social_icon":{"value":"fab fa-facebook","library":"fa-brands"},"_id":"d1dc0e5","item_icon_color":"custom","__globals__":{"item_icon_primary_color":"globals\/colors?id=91734c1","item_icon_secondary_color":"globals\/colors?id=77ca2af"}},{"social_icon":{"value":"fab fa-twitter","library":"fa-brands"},"_id":"7831fea","item_icon_color":"custom","__globals__":{"item_icon_primary_color":"globals\/colors?id=91734c1","item_icon_secondary_color":"globals\/colors?id=77ca2af"}},{"social_icon":{"value":"fab fa-instagram","library":"fa-brands"},"item_icon_color":"custom","_id":"b9baef8","__globals__":{"item_icon_primary_color":"globals\/colors?id=91734c1","item_icon_secondary_color":"globals\/colors?id=77ca2af"}},{"social_icon":{"value":"fab fa-youtube","library":"fa-brands"},"_id":"58a97de","item_icon_color":"custom","__globals__":{"item_icon_primary_color":"globals\/colors?id=91734c1","item_icon_secondary_color":"globals\/colors?id=77ca2af"}}],"shape":"circle","icon_color":"custom","icon_size":{"unit":"px","size":12,"sizes":[]},"icon_spacing":{"unit":"px","size":10,"sizes":[]},"hover_animation":"grow"},"elements":[],"isInner":false,"widgetType":"social-icons","elType":"widget"}],"isInner":true,"elType":"column"}],"isInner":true,"elType":"section"}],"isInner":false,"elType":"column"}],"isInner":false,"elType":"section"},{"id":"7dd1b952","settings":{"background_background":"gradient","margin":{"unit":"em","top":"","right":0,"bottom":"","left":0,"isLinked":true},"margin_tablet":{"unit":"em","top":"","right":"","bottom":"","left":"","isLinked":true},"margin_mobile":{"unit":"em","top":"","right":"","bottom":"","left":"","isLinked":true},"padding":{"unit":"em","top":"6","right":"1","bottom":"11","left":"1","isLinked":false},"padding_tablet":{"unit":"em","top":"6","right":"1","bottom":"6","left":"1","isLinked":false},"padding_mobile":{"unit":"em","top":"6","right":"1","bottom":"6","left":"1","isLinked":false},"__globals__":{"background_color_b":"globals\/colors?id=56d4114","background_color":"globals\/colors?id=76ffbce"},"_title":"CTA section"},"elements":[{"id":"6ce9c23f","settings":{"_column_size":100,"_inline_size":null,"background_background":"classic","background_image":{"url":"http:\/\/kfkit.rometheme.pro\/intera\/wp-content\/uploads\/sites\/18\/2022\/02\/P5.jpg","id":247,"alt":"","source":"library"},"background_position":"top center","background_size":"cover","background_overlay_background":"gradient","background_overlay_opacity":{"unit":"px","size":1,"sizes":[]},"border_radius":{"unit":"px","top":"15","right":"15","bottom":"15","left":"15","isLinked":true},"margin":{"unit":"%","top":"","right":"","bottom":"","left":"","isLinked":true},"margin_tablet":{"unit":"%","top":"","right":"","bottom":"","left":"","isLinked":true},"margin_mobile":{"unit":"%","top":"","right":"","bottom":"","left":"","isLinked":true},"padding":{"unit":"em","top":"5","right":"35","bottom":"5","left":"5","isLinked":false},"padding_tablet":{"unit":"em","top":"3","right":"3","bottom":"3","left":"3","isLinked":true},"padding_mobile":{"unit":"em","top":"3","right":"2","bottom":"3","left":"2","isLinked":false},"__globals__":{"background_overlay_color":"globals\/colors?id=91e2a4e","background_overlay_color_b":"globals\/colors?id=56d4114"},"animation":"fadeIn","animation_duration":"slow"},"elements":[{"id":"505703da","settings":{"title":"Intera Promotion","header_size":"h1","align":"left","__globals__":{"title_color":"globals\/colors?id=91734c1","typography_typography":"globals\/typography?id=f1402b2"}},"elements":[],"isInner":false,"widgetType":"heading","elType":"widget"},{"id":"5eb85402","settings":{"title":"Why Not Check Out These Resources to Help You Security Solution","header_size":"h3","align":"left","__globals__":{"title_color":"globals\/colors?id=77ca2af","typography_typography":"globals\/typography?id=3c80dea"},"title_color":"#F6F6F6"},"elements":[],"isInner":false,"widgetType":"heading","elType":"widget"},{"id":"41d6d66c","settings":{"__globals__":{"text_color":"globals\/colors?id=16f9f85","typography_typography":"globals\/typography?id=8c87247"},"editor":"<p>Promotion dui, tempus sit amet quam ac, ultrices vehicula elit. Sed euismod vel tortor et luctus. In viverra finibus velit et ullamcorper.<\/p>"},"elements":[],"isInner":false,"widgetType":"text-editor","elType":"widget"},{"id":"64e2b80c","settings":{"icon_list":[{"text":"NetFlow and IPFIX basics","selected_icon":{"value":"fas fa-check-circle","library":"fa-solid"},"_id":"f67026a","link":{"url":"#","is_external":"","nofollow":"","custom_attributes":""}},{"text":"Network anomaly detection","selected_icon":{"value":"fas fa-check-circle","library":"fa-solid"},"link":{"url":"#","is_external":"","nofollow":"","custom_attributes":""},"_id":"03f1a43"}],"space_between":{"unit":"px","size":30,"sizes":[]},"icon_align":"left","__globals__":{"icon_color":"globals\/colors?id=91734c1","text_color":"globals\/colors?id=77ca2af","text_color_hover":"globals\/colors?id=91734c1"},"view":"inline"},"elements":[],"isInner":false,"widgetType":"icon-list","elType":"widget"},{"id":"78d0bf44","settings":{"text":"get started","align":"left","__globals__":{"typography_typography":"globals\/typography?id=a7477b6"}},"elements":[],"isInner":false,"widgetType":"button","elType":"widget"}],"isInner":false,"elType":"column"}],"isInner":false,"elType":"section"}],"settings":[],"metadata":[]}