{"content":[{"id":"7c7b896","settings":{"height":"min-height","custom_height":{"unit":"vh","size":90,"sizes":[]},"custom_height_tablet":{"unit":"vh","size":"","sizes":[]},"custom_height_mobile":{"unit":"vh","size":"","sizes":[]},"background_background":"classic","background_image":{"url":"http:\/\/kfkit.rometheme.pro\/intera\/wp-content\/uploads\/sites\/18\/2022\/02\/Landing-3.png","id":135,"alt":"","source":"library"},"background_position":"bottom center","background_attachment":"fixed","background_size":"cover","background_overlay_background":"gradient","background_overlay_opacity":{"unit":"px","size":1,"sizes":[]},"__globals__":{"background_overlay_color":"globals\/colors?id=76ffbce","background_overlay_color_b":"globals\/colors?id=56d4114"},"_title":"404 Error Section"},"elements":[{"id":"763b7542","settings":{"_column_size":100,"_inline_size":null,"padding":{"unit":"em","top":"1","right":"1","bottom":"1","left":"1","isLinked":true},"padding_tablet":{"unit":"em","top":"","right":"","bottom":"","left":"","isLinked":true},"padding_mobile":{"unit":"em","top":"","right":"","bottom":"","left":"","isLinked":true}},"elements":[{"id":"33fff51c","settings":{"title":"404","header_size":"h1","align":"center","__globals__":{"typography_typography":"globals\/typography?id=8883fbf","title_color":"globals\/colors?id=77ca2af"}},"elements":[],"isInner":false,"widgetType":"heading","elType":"widget"},{"id":"5e0ee413","settings":{"title":"We Could't Find The Page You Are Looking For","header_size":"h4","align":"center","__globals__":{"title_color":"globals\/colors?id=77ca2af","typography_typography":"globals\/typography?id=eeebd89"}},"elements":[],"isInner":false,"widgetType":"heading","elType":"widget"},{"id":"74d190fc","settings":{"editor":"<p>Fusce non tortor tincidunt, pharetra ipsum eu, viverra leo. Vestibulum tempus sapien ac nulla dictum imperdiet. Etiam aliquet mattis magna in maximus. Aenean feugiat sed ante vitae ultrices.<\/p>","align":"center","_padding":{"unit":"em","top":"0","right":"20","bottom":"0","left":"20","isLinked":false},"_padding_tablet":{"unit":"em","top":"","right":"","bottom":"","left":"","isLinked":true},"_padding_mobile":{"unit":"em","top":"","right":"","bottom":"","left":"","isLinked":true}},"elements":[],"isInner":false,"widgetType":"text-editor","elType":"widget"},{"id":"7f0287fc","settings":{"text":"back to home","align":"center","__globals__":{"typography_typography":"globals\/typography?id=a7477b6"}},"elements":[],"isInner":false,"widgetType":"button","elType":"widget"}],"isInner":false,"elType":"column"}],"isInner":false,"elType":"section"}],"settings":[],"metadata":[]}