{"content":[{"id":"1334a9c8","settings":{"height":"min-height","custom_height":{"unit":"vh","size":90,"sizes":[]},"custom_height_tablet":{"unit":"vh","size":"","sizes":[]},"custom_height_mobile":{"unit":"vh","size":"","sizes":[]},"structure":"20","background_background":"classic","background_image":{"url":"http:\/\/kfkit.rometheme.pro\/intera\/wp-content\/uploads\/sites\/18\/2022\/02\/P1.jpg","id":68,"alt":"","source":"library"},"background_position":"center center","background_size":"cover","background_overlay_background":"gradient","background_overlay_opacity":{"unit":"px","size":1,"sizes":[]},"__globals__":{"background_overlay_color_b":"globals\/colors?id=56d4114","background_overlay_color":"globals\/colors?id=91e2a4e"},"background_overlay_color_b":"#19242D","background_overlay_color_b_stop":{"unit":"%","size":95,"sizes":[]},"_title":"Home Hero"},"elements":[{"id":"4461019e","settings":{"_column_size":50,"_inline_size":44,"margin":{"unit":"%","top":"","right":"","bottom":"","left":"","isLinked":true},"margin_tablet":{"unit":"em","top":"6","right":"0","bottom":"-15","left":"0","isLinked":false},"margin_mobile":{"unit":"%","top":"0","right":"0","bottom":"-55","left":"0","isLinked":false},"padding":{"unit":"em","top":"1","right":"1","bottom":"1","left":"1","isLinked":true},"padding_tablet":{"unit":"em","top":"1","right":"1","bottom":"1","left":"1","isLinked":false},"padding_mobile":{"unit":"em","top":"1","right":"1","bottom":"1","left":"1","isLinked":true},"animation_duration":"slow","_inline_size_tablet":100},"elements":[{"id":"beab6e4","settings":{"title":"CYBER SECURITY","header_size":"h1","align":"left","__globals__":{"title_color":"globals\/colors?id=91734c1","typography_typography":"globals\/typography?id=f1402b2"}},"elements":[],"isInner":false,"widgetType":"heading","elType":"widget"},{"id":"4ef27597","settings":{"title":"Cyber Recovery as a Service","header_size":"h1","align":"left","__globals__":{"title_color":"globals\/colors?id=77ca2af","typography_typography":"globals\/typography?id=b03a5e4"}},"elements":[],"isInner":false,"widgetType":"heading","elType":"widget"},{"id":"177ed59b","settings":{"__globals__":{"text_color":"globals\/colors?id=16f9f85","typography_typography":"globals\/typography?id=8c87247"}},"elements":[],"isInner":false,"widgetType":"text-editor","elType":"widget"},{"id":"2d78c910","settings":{"text":"learn More","align":"left","__globals__":{"typography_typography":"globals\/typography?id=a7477b6"}},"elements":[],"isInner":false,"widgetType":"button","elType":"widget"}],"isInner":false,"elType":"column"},{"id":"6f59218f","settings":{"_column_size":50,"_inline_size":56,"margin":{"unit":"%","top":"","right":"","bottom":"","left":"","isLinked":true},"margin_tablet":{"unit":"%","top":"","right":"","bottom":"","left":"","isLinked":true},"margin_mobile":{"unit":"px","top":"0","right":"0","bottom":"-76","left":"0","isLinked":false},"padding":{"unit":"em","top":"1","right":"1","bottom":"1","left":"1","isLinked":true},"padding_tablet":{"unit":"em","top":"","right":"","bottom":"","left":"","isLinked":true},"padding_mobile":{"unit":"em","top":"","right":"","bottom":"","left":"","isLinked":true},"background_background":"classic","background_image":{"url":"","id":"","alt":"","source":"library"},"background_position":"center center","background_size":"cover","animation":"slideInRight","animation_duration":"slow","_inline_size_tablet":100},"elements":[{"id":"387ed788","settings":{"image":{"url":"http:\/\/kfkit.rometheme.pro\/intera\/wp-content\/uploads\/sites\/18\/2022\/02\/P5.png","id":119,"alt":"","source":"library"},"image_size":"full","width":{"unit":"%","size":74,"sizes":[]},"_margin":{"unit":"%","top":"0","right":"0","bottom":"-2","left":"0","isLinked":false},"_margin_tablet":{"unit":"%","top":"0","right":"0","bottom":"-2","left":"0","isLinked":false},"_margin_mobile":{"unit":"%","top":"0","right":"0","bottom":"3","left":"0","isLinked":false}},"elements":[],"isInner":false,"widgetType":"image","elType":"widget"}],"isInner":false,"elType":"column"}],"isInner":false,"elType":"section"},{"id":"1e4fcd2e","settings":{"background_background":"gradient","padding":{"unit":"em","top":"3","right":"1","bottom":"3","left":"1","isLinked":false},"padding_tablet":{"unit":"em","top":"","right":"","bottom":"","left":"","isLinked":true},"padding_mobile":{"unit":"em","top":"","right":"","bottom":"","left":"","isLinked":true},"__globals__":{"background_color":"globals\/colors?id=76ffbce","background_color_b":"globals\/colors?id=56d4114"},"_title":"Trusted by Experts"},"elements":[{"id":"4a9b0625","settings":{"_column_size":100,"_inline_size":null,"padding":{"unit":"em","top":"2","right":"1","bottom":"2","left":"1","isLinked":false},"padding_tablet":{"unit":"em","top":"","right":"","bottom":"","left":"","isLinked":true},"padding_mobile":{"unit":"em","top":"","right":"","bottom":"","left":"","isLinked":true},"border_width":{"unit":"px","top":"1","right":"1","bottom":"1","left":"1","isLinked":true},"margin":{"unit":"em","top":"","right":"","bottom":"","left":"","isLinked":true},"margin_tablet":{"unit":"em","top":"","right":"","bottom":"","left":"","isLinked":true},"margin_mobile":{"unit":"em","top":"","right":"","bottom":"","left":"","isLinked":true},"__globals__":{"border_color":"globals\/colors?id=91734c1"},"animation":"fadeIn","animation_duration":"slow","animation_delay":100},"elements":[{"id":"74760028","settings":{"title":"have been trusted","header_size":"h1","align":"center","title_color":"#F6F6F6","__globals__":{"title_color":"globals\/colors?id=91734c1","typography_typography":"globals\/typography?id=f1402b2"}},"elements":[],"isInner":false,"widgetType":"heading","elType":"widget"},{"id":"1773267f","settings":{"title":"Trusted By Experts","header_size":"h1","align":"center","__globals__":{"title_color":"globals\/colors?id=77ca2af","typography_typography":"globals\/typography?id=3c80dea"},"title_color":"#F6F6F6"},"elements":[],"isInner":false,"widgetType":"heading","elType":"widget"},{"id":"3f74cb0a","settings":{"__globals__":{"text_color":"globals\/colors?id=16f9f85","typography_typography":"globals\/typography?id=8c87247"},"editor":"<p>Maecenas eros dui, tempus sit amet quam ac, ultrices vehicula elit. Sed euismod vel tortor et luctus. In viverra finibus velit et ullamcorper. Vivamus eleifend\u00a0<\/p>","align":"center","_margin":{"unit":"%","top":"0","right":"25","bottom":"0","left":"25","isLinked":false},"_margin_tablet":{"unit":"%","top":"0","right":"0","bottom":"0","left":"0","isLinked":false},"_margin_mobile":{"unit":"%","top":"","right":"","bottom":"","left":"","isLinked":true}},"elements":[],"isInner":false,"widgetType":"text-editor","elType":"widget"},{"id":"4e58632d","settings":{"structure":"30"},"elements":[{"id":"1c6139b8","settings":{"_column_size":33,"_inline_size":null,"border_border":"solid","border_width":{"unit":"px","top":"1","right":"1","bottom":"1","left":"1","isLinked":true},"margin":{"unit":"em","top":"1","right":"1","bottom":"1","left":"1","isLinked":true},"margin_tablet":{"unit":"em","top":"","right":"","bottom":"","left":"","isLinked":true},"margin_mobile":{"unit":"em","top":"","right":"","bottom":"","left":"","isLinked":true},"padding":{"unit":"em","top":"4","right":"1","bottom":"4","left":"1","isLinked":false},"padding_tablet":{"unit":"em","top":"","right":"","bottom":"","left":"","isLinked":true},"padding_mobile":{"unit":"em","top":"","right":"","bottom":"","left":"","isLinked":true},"__globals__":{"border_color":"globals\/colors?id=91734c1"},"space_between_widgets":0,"border_radius":{"unit":"px","top":"10","right":"10","bottom":"10","left":"10","isLinked":true}},"elements":[{"id":"1887208d","settings":{"image":{"url":"http:\/\/kfkit.rometheme.pro\/intera\/wp-content\/uploads\/sites\/18\/2022\/02\/C1.png","id":78,"alt":"","source":"library"},"image_size":"full","space":{"unit":"%","size":70,"sizes":[]}},"elements":[],"isInner":false,"widgetType":"image","elType":"widget"},{"id":"237354de","settings":{"space":{"unit":"px","size":15,"sizes":[]}},"elements":[],"isInner":false,"widgetType":"spacer","elType":"widget"},{"id":"6b17c04d","settings":{"space":{"unit":"px","size":15,"sizes":[]}},"elements":[],"isInner":false,"widgetType":"spacer","elType":"widget"},{"id":"4037e0b9","settings":{"rating":4.5,"align":"center"},"elements":[],"isInner":false,"widgetType":"star-rating","elType":"widget"},{"id":"3dc4340","settings":{"title":"Kemp Rated 4.5\/5","header_size":"h6","align":"center","__globals__":{"typography_typography":"globals\/typography?id=bf2a579","title_color":"globals\/colors?id=91734c1"}},"elements":[],"isInner":false,"widgetType":"heading","elType":"widget"}],"isInner":true,"elType":"column"},{"id":"52ff4720","settings":{"_column_size":33,"_inline_size":null,"border_border":"solid","border_width":{"unit":"px","top":"1","right":"1","bottom":"1","left":"1","isLinked":true},"margin":{"unit":"em","top":"1","right":"1","bottom":"1","left":"1","isLinked":true},"margin_tablet":{"unit":"em","top":"","right":"","bottom":"","left":"","isLinked":true},"margin_mobile":{"unit":"em","top":"","right":"","bottom":"","left":"","isLinked":true},"padding":{"unit":"em","top":"4","right":"1","bottom":"4","left":"1","isLinked":false},"padding_tablet":{"unit":"em","top":"","right":"","bottom":"","left":"","isLinked":true},"padding_mobile":{"unit":"em","top":"","right":"","bottom":"","left":"","isLinked":true},"__globals__":{"border_color":"globals\/colors?id=91734c1"},"space_between_widgets":0,"border_radius":{"unit":"px","top":"10","right":"10","bottom":"10","left":"10","isLinked":true}},"elements":[{"id":"259176c5","settings":{"image":{"url":"http:\/\/kfkit.rometheme.pro\/intera\/wp-content\/uploads\/sites\/18\/2022\/02\/C2.png","id":79,"alt":"","source":"library"},"image_size":"full","space":{"unit":"%","size":70,"sizes":[]}},"elements":[],"isInner":false,"widgetType":"image","elType":"widget"},{"id":"11f09a38","settings":{"space":{"unit":"px","size":15,"sizes":[]}},"elements":[],"isInner":false,"widgetType":"spacer","elType":"widget"},{"id":"7a9841da","settings":{"space":{"unit":"px","size":15,"sizes":[]}},"elements":[],"isInner":false,"widgetType":"spacer","elType":"widget"},{"id":"5ba3469c","settings":{"rating":4.5,"align":"center"},"elements":[],"isInner":false,"widgetType":"star-rating","elType":"widget"},{"id":"65a5eb64","settings":{"title":"Kemp Rated 4.5\/5","header_size":"h6","align":"center","__globals__":{"typography_typography":"globals\/typography?id=bf2a579","title_color":"globals\/colors?id=91734c1"}},"elements":[],"isInner":false,"widgetType":"heading","elType":"widget"}],"isInner":true,"elType":"column"},{"id":"3b77eb72","settings":{"_column_size":33,"_inline_size":null,"border_border":"solid","border_width":{"unit":"px","top":"1","right":"1","bottom":"1","left":"1","isLinked":true},"margin":{"unit":"em","top":"1","right":"1","bottom":"1","left":"1","isLinked":true},"margin_tablet":{"unit":"em","top":"","right":"","bottom":"","left":"","isLinked":true},"margin_mobile":{"unit":"em","top":"","right":"","bottom":"","left":"","isLinked":true},"padding":{"unit":"em","top":"4","right":"1","bottom":"4","left":"1","isLinked":false},"padding_tablet":{"unit":"em","top":"","right":"","bottom":"","left":"","isLinked":true},"padding_mobile":{"unit":"em","top":"","right":"","bottom":"","left":"","isLinked":true},"__globals__":{"border_color":"globals\/colors?id=91734c1"},"space_between_widgets":0,"border_radius":{"unit":"px","top":"10","right":"10","bottom":"10","left":"10","isLinked":true}},"elements":[{"id":"481c5880","settings":{"image":{"url":"http:\/\/kfkit.rometheme.pro\/intera\/wp-content\/uploads\/sites\/18\/2022\/02\/C4.png","id":225,"alt":"","source":"library"},"image_size":"full","space":{"unit":"%","size":70,"sizes":[]}},"elements":[],"isInner":false,"widgetType":"image","elType":"widget"},{"id":"377b5b8e","settings":{"space":{"unit":"px","size":15,"sizes":[]}},"elements":[],"isInner":false,"widgetType":"spacer","elType":"widget"},{"id":"5df12f54","settings":{"space":{"unit":"px","size":15,"sizes":[]}},"elements":[],"isInner":false,"widgetType":"spacer","elType":"widget"},{"id":"2f2a70a0","settings":{"rating":4.5,"align":"center"},"elements":[],"isInner":false,"widgetType":"star-rating","elType":"widget"},{"id":"39605dbc","settings":{"title":"Kemp Rated 4.5\/5","header_size":"h6","align":"center","__globals__":{"typography_typography":"globals\/typography?id=bf2a579","title_color":"globals\/colors?id=91734c1"}},"elements":[],"isInner":false,"widgetType":"heading","elType":"widget"}],"isInner":true,"elType":"column"}],"isInner":true,"elType":"section"}],"isInner":false,"elType":"column"}],"isInner":false,"elType":"section"},{"id":"3805f9f9","settings":{"structure":"20","background_background":"classic","background_overlay_background":"gradient","background_overlay_opacity":{"unit":"px","size":1,"sizes":[]},"padding":{"unit":"em","top":"6","right":"1","bottom":"6","left":"1","isLinked":false},"padding_tablet":{"unit":"em","top":"","right":"","bottom":"","left":"","isLinked":true},"padding_mobile":{"unit":"em","top":"","right":"","bottom":"","left":"","isLinked":true},"__globals__":{"background_color":"","background_overlay_color_b":"globals\/colors?id=76ffbce","background_overlay_color":"globals\/colors?id=56d4114","background_color_b":"globals\/colors?id=91734c1"},"background_gradient_angle":{"unit":"deg","size":"","sizes":[]},"background_color_b":"#15ABD9","background_image":{"url":"http:\/\/kfkit.rometheme.pro\/intera\/wp-content\/uploads\/sites\/18\/2022\/02\/Landing-2.png","id":38,"alt":"","source":"library"},"background_position":"center center","background_attachment":"fixed","background_size":"cover","background_overlay_color":"#2B3841","_title":"about Section","reverse_order_tablet":"reverse-tablet","reverse_order_mobile":"reverse-mobile"},"elements":[{"id":"3a670eea","settings":{"_column_size":50,"_inline_size":null,"padding":{"unit":"em","top":"1","right":"1","bottom":"1","left":"1","isLinked":true},"padding_tablet":{"unit":"em","top":"5","right":"1","bottom":"1","left":"1","isLinked":false},"padding_mobile":{"unit":"em","top":"","right":"","bottom":"","left":"","isLinked":true},"content_position":"center","animation":"slideInLeft","animation_duration":"slow","_inline_size_tablet":100},"elements":[{"id":"62c4cd32","settings":{"image":{"url":"http:\/\/kfkit.rometheme.pro\/intera\/wp-content\/uploads\/sites\/18\/2022\/02\/P2.jpg","id":164,"alt":"","source":"library"},"image_size":"full","image_border_radius":{"unit":"px","top":"10","right":"10","bottom":"10","left":"10","isLinked":true}},"elements":[],"isInner":false,"widgetType":"image","elType":"widget"},{"id":"2652a0fe","settings":{"ending_number":1300,"suffix":"+","title":"Trusted Company","_margin":{"unit":"em","top":"-15","right":"33","bottom":"0","left":"-3","isLinked":false},"_margin_tablet":{"unit":"em","top":"-15","right":"32","bottom":"0","left":"-1","isLinked":false},"_margin_mobile":{"unit":"em","top":"-7","right":"11","bottom":"0","left":"-1","isLinked":false},"_padding":{"unit":"em","top":"2","right":"1","bottom":"2","left":"1","isLinked":false},"_padding_tablet":{"unit":"em","top":"1","right":"0","bottom":"1","left":"0","isLinked":false},"_padding_mobile":{"unit":"em","top":"0.5","right":"0","bottom":"0.5","left":"0","isLinked":false},"_background_background":"classic","_border_radius":{"unit":"px","top":"10","right":"10","bottom":"10","left":"10","isLinked":true},"__globals__":{"typography_title_typography":"globals\/typography?id=8c87247","_background_color":"globals\/colors?id=91734c1","typography_number_typography":"globals\/typography?id=3c80dea","number_color":"globals\/colors?id=77ca2af","title_color":"globals\/colors?id=77ca2af"}},"elements":[],"isInner":false,"widgetType":"counter","elType":"widget"}],"isInner":false,"elType":"column"},{"id":"31ed3e57","settings":{"_column_size":50,"_inline_size":null,"padding":{"unit":"em","top":"1","right":"1","bottom":"1","left":"5","isLinked":false},"padding_tablet":{"unit":"em","top":"1","right":"1","bottom":"1","left":"1","isLinked":true},"padding_mobile":{"unit":"em","top":"","right":"","bottom":"","left":"","isLinked":true},"content_position":"center","animation_duration":"slow","_inline_size_tablet":100},"elements":[{"id":"317cdcb","settings":{"title":"Welcome To Intera","header_size":"h1","align":"left","title_color":"#F6F6F6","__globals__":{"title_color":"globals\/colors?id=91734c1","typography_typography":"globals\/typography?id=f1402b2"}},"elements":[],"isInner":false,"widgetType":"heading","elType":"widget"},{"id":"654f4203","settings":{"title":"We AI-Powered Threat Detection System","header_size":"h3","align":"left","__globals__":{"title_color":"globals\/colors?id=77ca2af","typography_typography":"globals\/typography?id=3c80dea"},"title_color":"#F6F6F6"},"elements":[],"isInner":false,"widgetType":"heading","elType":"widget"},{"id":"3bb71f6c","settings":{"__globals__":{"text_color":"globals\/colors?id=16f9f85","typography_typography":"globals\/typography?id=8c87247"},"editor":"<p>Maecenas eros dui, tempus sit amet quam ac, ultrices vehicula elit. Sed euismod vel tortor et luctus. In viverra finibus velit et ullamcorper.<\/p>"},"elements":[],"isInner":false,"widgetType":"text-editor","elType":"widget"},{"id":"21f7b9e1","settings":{"icon_list":[{"text":"Real-time network analysis.","selected_icon":{"value":"fas fa-check-circle","library":"fa-solid"},"_id":"f67026a","link":{"url":"#","is_external":"","nofollow":"","custom_attributes":""}},{"text":" 200+ algorithms to detect data.","selected_icon":{"value":"fas fa-check-circle","library":"fa-solid"},"link":{"url":"#","is_external":"","nofollow":"","custom_attributes":""},"_id":"03f1a43"},{"text":"Detection of rogues, insider threats.","selected_icon":{"value":"fas fa-check-circle","library":"fa-solid"},"link":{"url":"#","is_external":"","nofollow":"","custom_attributes":""},"_id":"93160d1"},{"text":"Comprehensive visibility across on-premise.","selected_icon":{"value":"fas fa-check-circle","library":"fa-solid"},"link":{"url":"#","is_external":"","nofollow":"","custom_attributes":""},"_id":"79e8944"}],"space_between":{"unit":"px","size":15,"sizes":[]},"icon_align":"left","__globals__":{"icon_color":"globals\/colors?id=91734c1","text_color":"globals\/colors?id=77ca2af","text_color_hover":"globals\/colors?id=91734c1","icon_typography_typography":"globals\/typography?id=bf2a579"}},"elements":[],"isInner":false,"widgetType":"icon-list","elType":"widget"},{"id":"62347222","settings":{"text":"Start Demos","align":"left","__globals__":{"typography_typography":"globals\/typography?id=a7477b6"}},"elements":[],"isInner":false,"widgetType":"button","elType":"widget"}],"isInner":false,"elType":"column"}],"isInner":false,"elType":"section"},{"id":"6e0272cf","settings":{"structure":"20","background_background":"classic","padding":{"unit":"em","top":"6","right":"1","bottom":"6","left":"1","isLinked":false},"padding_tablet":{"unit":"em","top":"","right":"","bottom":"","left":"","isLinked":true},"padding_mobile":{"unit":"em","top":"","right":"","bottom":"","left":"","isLinked":true},"__globals__":{"background_color":"","background_color_b":"globals\/colors?id=56d4114","background_overlay_color":"globals\/colors?id=76ffbce","background_overlay_color_b":"globals\/colors?id=56d4114"},"background_color_b":"#19242D","background_image":{"url":"http:\/\/kfkit.rometheme.pro\/intera\/wp-content\/uploads\/sites\/18\/2022\/02\/Landing-2.png","id":38,"alt":"","source":"library"},"background_position":"center center","background_attachment":"fixed","background_size":"cover","background_overlay_background":"gradient","background_overlay_opacity":{"unit":"px","size":1,"sizes":[]},"_title":"Why Choose Us Section","background_overlay_color":"#02010100"},"elements":[{"id":"6617d847","settings":{"_column_size":50,"_inline_size":null,"padding":{"unit":"em","top":"1","right":"5","bottom":"1","left":"1","isLinked":false},"padding_tablet":{"unit":"em","top":"1","right":"1","bottom":"5","left":"1","isLinked":false},"padding_mobile":{"unit":"em","top":"","right":"","bottom":"","left":"","isLinked":true},"content_position":"center","animation_duration":"slow","_inline_size_tablet":100},"elements":[{"id":"4a51ecd8","settings":{"title":"Why Choose Us","header_size":"h1","align":"left","title_color":"#F6F6F6","__globals__":{"title_color":"globals\/colors?id=91734c1","typography_typography":"globals\/typography?id=f1402b2"}},"elements":[],"isInner":false,"widgetType":"heading","elType":"widget"},{"id":"17eef38b","settings":{"title":"A Scalable and Cost Effective ","header_size":"h3","align":"left","__globals__":{"title_color":"globals\/colors?id=77ca2af","typography_typography":"globals\/typography?id=3c80dea"},"title_color":"#F6F6F6","_margin":{"unit":"%","top":"0","right":"20","bottom":"0","left":"0","isLinked":false},"_margin_tablet":{"unit":"%","top":"","right":"","bottom":"","left":"","isLinked":true},"_margin_mobile":{"unit":"%","top":"","right":"","bottom":"","left":"","isLinked":true}},"elements":[],"isInner":false,"widgetType":"heading","elType":"widget"},{"id":"311e30c6","settings":{"__globals__":{"text_color":"globals\/colors?id=16f9f85","typography_typography":"globals\/typography?id=8c87247"},"editor":"<p>Maecenas eros dui, tempus sit amet quam ac, ultrices vehicula elit. Sed euismod vel tortor et luctus. In viverra finibus velit et ullamcorper. Vivamus eleifend velit ac lobortis fringilla. Fusce fermentum in ligula non convallis.\u00a0<\/p><p>Cras auctor tempus mattis. Proin convallis turpis sed aliquam dignissim. Vivamus eleifend velit ac lobortis fringilla.<\/p>"},"elements":[],"isInner":false,"widgetType":"text-editor","elType":"widget"},{"id":"6cd32dd4","settings":{"text":"Read More","align":"left","__globals__":{"typography_typography":"globals\/typography?id=a7477b6"}},"elements":[],"isInner":false,"widgetType":"button","elType":"widget"}],"isInner":false,"elType":"column"},{"id":"27f8d5cf","settings":{"_column_size":50,"_inline_size":null,"padding":{"unit":"em","top":"1","right":"1","bottom":"1","left":"1","isLinked":true},"padding_tablet":{"unit":"em","top":"0","right":"0","bottom":"0","left":"0","isLinked":false},"padding_mobile":{"unit":"em","top":"","right":"","bottom":"","left":"","isLinked":true},"animation":"slideInRight","animation_duration":"slow","_inline_size_tablet":100},"elements":[{"id":"fc931da","settings":{"structure":"20"},"elements":[{"id":"70e1204e","settings":{"_column_size":50,"_inline_size":null,"border_border":"solid","border_width":{"unit":"px","top":"1","right":"1","bottom":"1","left":"1","isLinked":true},"margin":{"unit":"em","top":"1","right":"1","bottom":"1","left":"1","isLinked":true},"margin_tablet":{"unit":"em","top":"","right":"","bottom":"","left":"","isLinked":true},"margin_mobile":{"unit":"em","top":"","right":"","bottom":"","left":"","isLinked":true},"padding":{"unit":"em","top":"2","right":"2","bottom":"2","left":"2","isLinked":true},"padding_tablet":{"unit":"em","top":"","right":"","bottom":"","left":"","isLinked":true},"padding_mobile":{"unit":"em","top":"","right":"","bottom":"","left":"","isLinked":true},"__globals__":{"border_color":"globals\/colors?id=91734c1"},"border_radius":{"unit":"px","top":"10","right":"10","bottom":"10","left":"10","isLinked":true}},"elements":[{"id":"5f8e91ef","settings":{"title_text":"Scale Indefinitely","description_text":"Lorem ipsum dolor sit amet, consectetur adipiscing elit. Ut elit tellus, luctus nec ","image_space":{"unit":"px","size":8,"sizes":[]},"text_align":"left","title_bottom_space":{"unit":"px","size":5,"sizes":[]},"__globals__":{"title_color":"globals\/colors?id=91734c1","title_typography_typography":"globals\/typography?id=eeebd89","description_color":"globals\/colors?id=c6364c3","description_typography_typography":"globals\/typography?id=8c87247"},"image":{"url":"http:\/\/kfkit.rometheme.pro\/intera\/wp-content\/uploads\/sites\/18\/2022\/02\/I1.png","id":148,"alt":"","source":"library"}},"elements":[],"isInner":false,"widgetType":"image-box","elType":"widget"}],"isInner":true,"elType":"column"},{"id":"460b5b17","settings":{"_column_size":50,"_inline_size":null,"border_border":"solid","border_width":{"unit":"px","top":"1","right":"1","bottom":"1","left":"1","isLinked":true},"margin":{"unit":"em","top":"1","right":"1","bottom":"1","left":"1","isLinked":true},"margin_tablet":{"unit":"em","top":"","right":"","bottom":"","left":"","isLinked":true},"margin_mobile":{"unit":"em","top":"","right":"","bottom":"","left":"","isLinked":true},"padding":{"unit":"em","top":"2","right":"2","bottom":"2","left":"2","isLinked":true},"padding_tablet":{"unit":"em","top":"","right":"","bottom":"","left":"","isLinked":true},"padding_mobile":{"unit":"em","top":"","right":"","bottom":"","left":"","isLinked":true},"__globals__":{"border_color":"globals\/colors?id=91734c1"},"border_radius":{"unit":"px","top":"10","right":"10","bottom":"10","left":"10","isLinked":true}},"elements":[{"id":"54f4f9ae","settings":{"title_text":"Improve Your Security","description_text":"Lorem ipsum dolor sit amet, consectetur adipiscing elit. Ut elit tellus, luctus nec ","image_space":{"unit":"px","size":8,"sizes":[]},"text_align":"left","title_bottom_space":{"unit":"px","size":5,"sizes":[]},"__globals__":{"title_color":"globals\/colors?id=91734c1","title_typography_typography":"globals\/typography?id=eeebd89","description_color":"globals\/colors?id=c6364c3","description_typography_typography":"globals\/typography?id=8c87247"},"image":{"url":"http:\/\/kfkit.rometheme.pro\/intera\/wp-content\/uploads\/sites\/18\/2022\/02\/I2.png","id":151,"alt":"","source":"library"}},"elements":[],"isInner":false,"widgetType":"image-box","elType":"widget"}],"isInner":true,"elType":"column"}],"isInner":true,"elType":"section"},{"id":"e49391e","settings":{"structure":"20"},"elements":[{"id":"6336d53c","settings":{"_column_size":50,"_inline_size":null,"border_border":"solid","border_width":{"unit":"px","top":"1","right":"1","bottom":"1","left":"1","isLinked":true},"margin":{"unit":"em","top":"1","right":"1","bottom":"1","left":"1","isLinked":true},"margin_tablet":{"unit":"em","top":"","right":"","bottom":"","left":"","isLinked":true},"margin_mobile":{"unit":"em","top":"","right":"","bottom":"","left":"","isLinked":true},"padding":{"unit":"em","top":"2","right":"2","bottom":"2","left":"2","isLinked":true},"padding_tablet":{"unit":"em","top":"","right":"","bottom":"","left":"","isLinked":true},"padding_mobile":{"unit":"em","top":"","right":"","bottom":"","left":"","isLinked":true},"__globals__":{"border_color":"globals\/colors?id=91734c1"},"border_radius":{"unit":"px","top":"10","right":"10","bottom":"10","left":"10","isLinked":true}},"elements":[{"id":"147881f","settings":{"title_text":"Visibility Every Branch","description_text":"Lorem ipsum dolor sit amet, consectetur adipiscing elit. Ut elit tellus, luctus nec ","image_space":{"unit":"px","size":8,"sizes":[]},"text_align":"left","title_bottom_space":{"unit":"px","size":5,"sizes":[]},"__globals__":{"title_color":"globals\/colors?id=91734c1","title_typography_typography":"globals\/typography?id=eeebd89","description_color":"globals\/colors?id=c6364c3","description_typography_typography":"globals\/typography?id=8c87247"},"image":{"url":"http:\/\/kfkit.rometheme.pro\/intera\/wp-content\/uploads\/sites\/18\/2022\/02\/I3.png","id":152,"alt":"","source":"library"}},"elements":[],"isInner":false,"widgetType":"image-box","elType":"widget"}],"isInner":true,"elType":"column"},{"id":"e7585b","settings":{"_column_size":50,"_inline_size":null,"border_border":"solid","border_width":{"unit":"px","top":"1","right":"1","bottom":"1","left":"1","isLinked":true},"margin":{"unit":"em","top":"1","right":"1","bottom":"1","left":"1","isLinked":true},"margin_tablet":{"unit":"em","top":"","right":"","bottom":"","left":"","isLinked":true},"margin_mobile":{"unit":"em","top":"","right":"","bottom":"","left":"","isLinked":true},"padding":{"unit":"em","top":"2","right":"2","bottom":"2","left":"2","isLinked":true},"padding_tablet":{"unit":"em","top":"","right":"","bottom":"","left":"","isLinked":true},"padding_mobile":{"unit":"em","top":"","right":"","bottom":"","left":"","isLinked":true},"__globals__":{"border_color":"globals\/colors?id=91734c1"},"border_radius":{"unit":"px","top":"10","right":"10","bottom":"10","left":"10","isLinked":true}},"elements":[{"id":"17a3f8f4","settings":{"title_text":"Automate Routine","description_text":"Lorem ipsum dolor sit amet, consectetur adipiscing elit. Ut elit tellus, luctus nec ","image_space":{"unit":"px","size":8,"sizes":[]},"text_align":"left","title_bottom_space":{"unit":"px","size":5,"sizes":[]},"__globals__":{"title_color":"globals\/colors?id=91734c1","title_typography_typography":"globals\/typography?id=eeebd89","description_color":"globals\/colors?id=c6364c3","description_typography_typography":"globals\/typography?id=8c87247"},"image":{"url":"http:\/\/kfkit.rometheme.pro\/intera\/wp-content\/uploads\/sites\/18\/2022\/02\/I4.png","id":153,"alt":"","source":"library"}},"elements":[],"isInner":false,"widgetType":"image-box","elType":"widget"}],"isInner":true,"elType":"column"}],"isInner":true,"elType":"section"}],"isInner":false,"elType":"column"}],"isInner":false,"elType":"section"},{"id":"5cedd579","settings":{"structure":"40","background_background":"classic","padding":{"unit":"em","top":"3","right":"1","bottom":"3","left":"1","isLinked":false},"padding_tablet":{"unit":"em","top":"","right":"","bottom":"","left":"","isLinked":true},"padding_mobile":{"unit":"em","top":"","right":"","bottom":"","left":"","isLinked":true},"__globals__":{"background_color":"globals\/colors?id=56d4114"},"_title":"Counter Section","animation_duration":"slow"},"elements":[{"id":"6248f18b","settings":{"_column_size":25,"_inline_size":null,"padding":{"unit":"em","top":"1","right":"1","bottom":"1","left":"1","isLinked":true},"padding_tablet":{"unit":"em","top":"","right":"","bottom":"","left":"","isLinked":true},"padding_mobile":{"unit":"em","top":"","right":"","bottom":"","left":"","isLinked":true},"_inline_size_tablet":50,"_inline_size_mobile":50},"elements":[{"id":"39ae04a3","settings":{"ending_number":2400,"suffix":"+","title":"Project Done","__globals__":{"typography_title_typography":"globals\/typography?id=bf2a579","_background_color":"globals\/colors?id=91734c1","typography_number_typography":"globals\/typography?id=3c80dea","number_color":"globals\/colors?id=91734c1","title_color":"globals\/colors?id=77ca2af"},"_margin":{"unit":"em","top":"","right":"","bottom":"","left":"","isLinked":true},"_margin_tablet":{"unit":"em","top":"","right":"","bottom":"","left":"","isLinked":true},"_margin_mobile":{"unit":"em","top":"","right":"","bottom":"","left":"","isLinked":true},"_padding":{"unit":"em","top":"","right":"","bottom":"","left":"","isLinked":true},"_padding_tablet":{"unit":"em","top":"","right":"","bottom":"","left":"","isLinked":true},"_padding_mobile":{"unit":"em","top":"","right":"","bottom":"","left":"","isLinked":true},"title_color":"#F6F6F6","_background_color":"#15ABD9"},"elements":[],"isInner":false,"widgetType":"counter","elType":"widget"}],"isInner":false,"elType":"column"},{"id":"4ea9b483","settings":{"_column_size":25,"_inline_size":null,"padding":{"unit":"em","top":"1","right":"1","bottom":"1","left":"1","isLinked":true},"padding_tablet":{"unit":"em","top":"","right":"","bottom":"","left":"","isLinked":true},"padding_mobile":{"unit":"em","top":"","right":"","bottom":"","left":"","isLinked":true},"_inline_size_tablet":50,"_inline_size_mobile":50},"elements":[{"id":"5078635a","settings":{"ending_number":1200,"suffix":"+","title":"Happy Client","__globals__":{"typography_title_typography":"globals\/typography?id=bf2a579","_background_color":"globals\/colors?id=91734c1","typography_number_typography":"globals\/typography?id=3c80dea","number_color":"globals\/colors?id=91734c1","title_color":"globals\/colors?id=77ca2af"},"_margin":{"unit":"em","top":"","right":"","bottom":"","left":"","isLinked":true},"_margin_tablet":{"unit":"em","top":"","right":"","bottom":"","left":"","isLinked":true},"_margin_mobile":{"unit":"em","top":"","right":"","bottom":"","left":"","isLinked":true},"_padding":{"unit":"em","top":"","right":"","bottom":"","left":"","isLinked":true},"_padding_tablet":{"unit":"em","top":"","right":"","bottom":"","left":"","isLinked":true},"_padding_mobile":{"unit":"em","top":"","right":"","bottom":"","left":"","isLinked":true},"title_color":"#F6F6F6","_background_color":"#15ABD9"},"elements":[],"isInner":false,"widgetType":"counter","elType":"widget"}],"isInner":false,"elType":"column"},{"id":"2de9ff5","settings":{"_column_size":25,"_inline_size":null,"padding":{"unit":"em","top":"1","right":"1","bottom":"1","left":"1","isLinked":true},"padding_tablet":{"unit":"em","top":"","right":"","bottom":"","left":"","isLinked":true},"padding_mobile":{"unit":"em","top":"","right":"","bottom":"","left":"","isLinked":true},"_inline_size_tablet":50,"_inline_size_mobile":50},"elements":[{"id":"9005e2a","settings":{"ending_number":18,"suffix":"+","title":"Years of Experience","__globals__":{"typography_title_typography":"globals\/typography?id=bf2a579","_background_color":"globals\/colors?id=91734c1","typography_number_typography":"globals\/typography?id=3c80dea","number_color":"globals\/colors?id=91734c1","title_color":"globals\/colors?id=77ca2af"},"_margin":{"unit":"em","top":"","right":"","bottom":"","left":"","isLinked":true},"_margin_tablet":{"unit":"em","top":"","right":"","bottom":"","left":"","isLinked":true},"_margin_mobile":{"unit":"em","top":"","right":"","bottom":"","left":"","isLinked":true},"_padding":{"unit":"em","top":"","right":"","bottom":"","left":"","isLinked":true},"_padding_tablet":{"unit":"em","top":"","right":"","bottom":"","left":"","isLinked":true},"_padding_mobile":{"unit":"em","top":"","right":"","bottom":"","left":"","isLinked":true},"title_color":"#F6F6F6","_background_color":"#15ABD9"},"elements":[],"isInner":false,"widgetType":"counter","elType":"widget"}],"isInner":false,"elType":"column"},{"id":"d62f39e","settings":{"_column_size":25,"_inline_size":null,"padding":{"unit":"em","top":"1","right":"1","bottom":"1","left":"1","isLinked":true},"padding_tablet":{"unit":"em","top":"","right":"","bottom":"","left":"","isLinked":true},"padding_mobile":{"unit":"em","top":"","right":"","bottom":"","left":"","isLinked":true},"_inline_size_tablet":50,"_inline_size_mobile":50},"elements":[{"id":"6486929f","settings":{"ending_number":1300,"suffix":"+","title":"Happy Client","__globals__":{"typography_title_typography":"globals\/typography?id=bf2a579","_background_color":"globals\/colors?id=91734c1","typography_number_typography":"globals\/typography?id=3c80dea","number_color":"globals\/colors?id=91734c1","title_color":"globals\/colors?id=77ca2af"},"_margin":{"unit":"em","top":"","right":"","bottom":"","left":"","isLinked":true},"_margin_tablet":{"unit":"em","top":"","right":"","bottom":"","left":"","isLinked":true},"_margin_mobile":{"unit":"em","top":"","right":"","bottom":"","left":"","isLinked":true},"_padding":{"unit":"em","top":"","right":"","bottom":"","left":"","isLinked":true},"_padding_tablet":{"unit":"em","top":"","right":"","bottom":"","left":"","isLinked":true},"_padding_mobile":{"unit":"em","top":"","right":"","bottom":"","left":"","isLinked":true},"title_color":"#F6F6F6","_background_color":"#15ABD9"},"elements":[],"isInner":false,"widgetType":"counter","elType":"widget"}],"isInner":false,"elType":"column"}],"isInner":false,"elType":"section"},{"id":"1e856773","settings":{"background_background":"classic","padding":{"unit":"em","top":"6","right":"1","bottom":"6","left":"1","isLinked":false},"padding_tablet":{"unit":"em","top":"","right":"","bottom":"","left":"","isLinked":true},"padding_mobile":{"unit":"em","top":"","right":"","bottom":"","left":"","isLinked":true},"__globals__":{"background_color":"","background_color_b":"globals\/colors?id=76ffbce","background_overlay_color":"globals\/colors?id=56d4114","background_overlay_color_b":"globals\/colors?id=76ffbce"},"background_color_b":"#02010100","background_image":{"url":"http:\/\/kfkit.rometheme.pro\/intera\/wp-content\/uploads\/sites\/18\/2022\/02\/Landing-3.png","id":135,"alt":"","source":"library"},"background_position":"center center","background_attachment":"fixed","background_size":"cover","background_overlay_background":"gradient","background_overlay_color":"#19242D","background_overlay_color_b":"#02010100","background_overlay_opacity":{"unit":"px","size":1,"sizes":[]},"_title":"Services Section"},"elements":[{"id":"67efc317","settings":{"_column_size":100,"_inline_size":null,"padding":{"unit":"em","top":"1","right":"1","bottom":"1","left":"1","isLinked":true},"padding_tablet":{"unit":"em","top":"","right":"","bottom":"","left":"","isLinked":true},"padding_mobile":{"unit":"em","top":"","right":"","bottom":"","left":"","isLinked":true}},"elements":[{"id":"5350f887","settings":{"title":"OUR SERVICES","header_size":"h1","align":"center","title_color":"#F6F6F6","__globals__":{"title_color":"globals\/colors?id=91734c1","typography_typography":"globals\/typography?id=f1402b2"}},"elements":[],"isInner":false,"widgetType":"heading","elType":"widget"},{"id":"4e715cc4","settings":{"title":"Expose Unknown Threats Become a Problem","header_size":"h3","align":"center","__globals__":{"title_color":"globals\/colors?id=77ca2af","typography_typography":"globals\/typography?id=3c80dea"},"title_color":"#F6F6F6","_margin":{"unit":"%","top":"0","right":"30","bottom":"0","left":"30","isLinked":false},"_margin_tablet":{"unit":"%","top":"0","right":"0","bottom":"0","left":"0","isLinked":false},"_margin_mobile":{"unit":"%","top":"","right":"","bottom":"","left":"","isLinked":true}},"elements":[],"isInner":false,"widgetType":"heading","elType":"widget"},{"id":"674c1ace","settings":{"__globals__":{"text_color":"globals\/colors?id=16f9f85","typography_typography":"globals\/typography?id=8c87247"},"editor":"<p>Maecenas eros dui, tempus sit amet quam ac, ultrices vehicula elit. Sed euismod vel tortor et luctus. In viverra finibus velit et ullamcorper. Vivamus eleifend\u00a0<\/p>","align":"center","_margin":{"unit":"%","top":"0","right":"25","bottom":"0","left":"25","isLinked":false},"_margin_tablet":{"unit":"%","top":"0","right":"0","bottom":"0","left":"0","isLinked":false},"_margin_mobile":{"unit":"%","top":"","right":"","bottom":"","left":"","isLinked":true}},"elements":[],"isInner":false,"widgetType":"text-editor","elType":"widget"},{"id":"50d33775","settings":{"structure":"30","animation":"fadeIn","animation_duration":"slow"},"elements":[{"id":"660581a6","settings":{"_column_size":33,"_inline_size":null,"border_border":"solid","border_width":{"unit":"px","top":"1","right":"1","bottom":"1","left":"1","isLinked":true},"margin":{"unit":"em","top":"1","right":"1","bottom":"1","left":"1","isLinked":true},"margin_tablet":{"unit":"em","top":"","right":"","bottom":"","left":"","isLinked":true},"margin_mobile":{"unit":"em","top":"","right":"","bottom":"","left":"","isLinked":true},"padding":{"unit":"em","top":"3","right":"2","bottom":"3","left":"2","isLinked":false},"padding_tablet":{"unit":"em","top":"","right":"","bottom":"","left":"","isLinked":true},"padding_mobile":{"unit":"em","top":"","right":"","bottom":"","left":"","isLinked":true},"__globals__":{"border_color":"globals\/colors?id=91734c1"},"border_radius":{"unit":"px","top":"10","right":"10","bottom":"10","left":"10","isLinked":true},"_inline_size_tablet":50},"elements":[{"id":"6a34124c","settings":{"title_text":"Attack Evidence ","description_text":"Lorem ipsum dolor sit amet, consectetur adipiscing elit. Ut elit tellus, luctus nec ullamcorper mattis pulvinar.","image_space":{"unit":"px","size":8,"sizes":[]},"text_align":"center","title_bottom_space":{"unit":"px","size":5,"sizes":[]},"__globals__":{"title_color":"globals\/colors?id=91734c1","title_typography_typography":"globals\/typography?id=eeebd89","description_color":"globals\/colors?id=c6364c3","description_typography_typography":"globals\/typography?id=8c87247"},"image":{"url":"http:\/\/kfkit.rometheme.pro\/intera\/wp-content\/uploads\/sites\/18\/2022\/02\/I5.png","id":155,"alt":"","source":"library"},"title_color":"#F6F6F6"},"elements":[],"isInner":false,"widgetType":"image-box","elType":"widget"},{"id":"592a09da","settings":{"text":"Learn More","align":"center","selected_icon":{"value":"fas fa-chevron-circle-right","library":"fa-solid"},"icon_align":"right","icon_indent":{"unit":"px","size":15,"sizes":[]},"border_border":"solid","border_width":{"unit":"px","top":"1","right":"1","bottom":"1","left":"1","isLinked":true},"text_padding":{"unit":"px","top":"0","right":"0","bottom":"0","left":"0","isLinked":true},"__globals__":{"typography_typography":"globals\/typography?id=a7477b6","border_color":"globals\/colors?id=76ffbce","button_text_color":"globals\/colors?id=91734c1","background_color":"globals\/colors?id=76ffbce","hover_color":"globals\/colors?id=77ca2af","button_background_hover_color":"globals\/colors?id=76ffbce","button_hover_border_color":"globals\/colors?id=76ffbce"}},"elements":[],"isInner":false,"widgetType":"button","elType":"widget"}],"isInner":true,"elType":"column"},{"id":"2e48e636","settings":{"_column_size":33,"_inline_size":null,"border_border":"solid","border_width":{"unit":"px","top":"1","right":"1","bottom":"1","left":"1","isLinked":true},"margin":{"unit":"em","top":"1","right":"1","bottom":"1","left":"1","isLinked":true},"margin_tablet":{"unit":"em","top":"","right":"","bottom":"","left":"","isLinked":true},"margin_mobile":{"unit":"em","top":"","right":"","bottom":"","left":"","isLinked":true},"padding":{"unit":"em","top":"3","right":"2","bottom":"3","left":"2","isLinked":false},"padding_tablet":{"unit":"em","top":"","right":"","bottom":"","left":"","isLinked":true},"padding_mobile":{"unit":"em","top":"","right":"","bottom":"","left":"","isLinked":true},"__globals__":{"border_color":"globals\/colors?id=91734c1"},"border_radius":{"unit":"px","top":"10","right":"10","bottom":"10","left":"10","isLinked":true},"_inline_size_tablet":50},"elements":[{"id":"3a2d8c46","settings":{"title_text":"Automated attack ","description_text":"Lorem ipsum dolor sit amet, consectetur adipiscing elit. Ut elit tellus, luctus nec ullamcorper mattis pulvinar.","image_space":{"unit":"px","size":8,"sizes":[]},"text_align":"center","title_bottom_space":{"unit":"px","size":5,"sizes":[]},"__globals__":{"title_color":"globals\/colors?id=91734c1","title_typography_typography":"globals\/typography?id=eeebd89","description_color":"globals\/colors?id=c6364c3","description_typography_typography":"globals\/typography?id=8c87247"},"image":{"url":"http:\/\/kfkit.rometheme.pro\/intera\/wp-content\/uploads\/sites\/18\/2022\/02\/I6.png","id":157,"alt":"","source":"library"},"title_color":"#F6F6F6"},"elements":[],"isInner":false,"widgetType":"image-box","elType":"widget"},{"id":"2876636b","settings":{"text":"Learn More","align":"center","selected_icon":{"value":"fas fa-chevron-circle-right","library":"fa-solid"},"icon_align":"right","icon_indent":{"unit":"px","size":15,"sizes":[]},"border_border":"solid","border_width":{"unit":"px","top":"1","right":"1","bottom":"1","left":"1","isLinked":true},"text_padding":{"unit":"px","top":"0","right":"0","bottom":"0","left":"0","isLinked":true},"__globals__":{"typography_typography":"globals\/typography?id=a7477b6","border_color":"globals\/colors?id=76ffbce","button_text_color":"globals\/colors?id=91734c1","background_color":"globals\/colors?id=76ffbce","hover_color":"globals\/colors?id=77ca2af","button_background_hover_color":"globals\/colors?id=76ffbce","button_hover_border_color":"globals\/colors?id=76ffbce"}},"elements":[],"isInner":false,"widgetType":"button","elType":"widget"}],"isInner":true,"elType":"column"},{"id":"35f80e14","settings":{"_column_size":33,"_inline_size":null,"border_border":"solid","border_width":{"unit":"px","top":"1","right":"1","bottom":"1","left":"1","isLinked":true},"margin":{"unit":"em","top":"1","right":"1","bottom":"1","left":"1","isLinked":true},"margin_tablet":{"unit":"em","top":"","right":"","bottom":"","left":"","isLinked":true},"margin_mobile":{"unit":"em","top":"","right":"","bottom":"","left":"","isLinked":true},"padding":{"unit":"em","top":"3","right":"2","bottom":"3","left":"2","isLinked":false},"padding_tablet":{"unit":"em","top":"","right":"","bottom":"","left":"","isLinked":true},"padding_mobile":{"unit":"em","top":"","right":"","bottom":"","left":"","isLinked":true},"__globals__":{"border_color":"globals\/colors?id=91734c1"},"border_radius":{"unit":"px","top":"10","right":"10","bottom":"10","left":"10","isLinked":true},"_inline_size_tablet":100},"elements":[{"id":"140385f7","settings":{"title_text":"SIEM Integration","description_text":"Lorem ipsum dolor sit amet, consectetur adipiscing elit. Ut elit tellus, luctus nec ullamcorper mattis pulvinar.","image_space":{"unit":"px","size":8,"sizes":[]},"text_align":"center","title_bottom_space":{"unit":"px","size":5,"sizes":[]},"__globals__":{"title_color":"globals\/colors?id=91734c1","title_typography_typography":"globals\/typography?id=eeebd89","description_color":"globals\/colors?id=c6364c3","description_typography_typography":"globals\/typography?id=8c87247"},"image":{"url":"http:\/\/kfkit.rometheme.pro\/intera\/wp-content\/uploads\/sites\/18\/2022\/02\/I7.png","id":159,"alt":"","source":"library"},"title_color":"#F6F6F6"},"elements":[],"isInner":false,"widgetType":"image-box","elType":"widget"},{"id":"235e6ae7","settings":{"text":"Learn More","align":"center","selected_icon":{"value":"fas fa-chevron-circle-right","library":"fa-solid"},"icon_align":"right","icon_indent":{"unit":"px","size":15,"sizes":[]},"border_border":"solid","border_width":{"unit":"px","top":"1","right":"1","bottom":"1","left":"1","isLinked":true},"text_padding":{"unit":"px","top":"0","right":"0","bottom":"0","left":"0","isLinked":true},"__globals__":{"typography_typography":"globals\/typography?id=a7477b6","border_color":"globals\/colors?id=76ffbce","button_text_color":"globals\/colors?id=91734c1","background_color":"globals\/colors?id=76ffbce","hover_color":"globals\/colors?id=77ca2af","button_background_hover_color":"globals\/colors?id=76ffbce","button_hover_border_color":"globals\/colors?id=76ffbce"}},"elements":[],"isInner":false,"widgetType":"button","elType":"widget"}],"isInner":true,"elType":"column"}],"isInner":true,"elType":"section"},{"id":"5c3e97ab","settings":{"structure":"30","animation":"fadeIn","animation_duration":"slow"},"elements":[{"id":"73b0f325","settings":{"_column_size":33,"_inline_size":null,"border_border":"solid","border_width":{"unit":"px","top":"1","right":"1","bottom":"1","left":"1","isLinked":true},"margin":{"unit":"em","top":"1","right":"1","bottom":"1","left":"1","isLinked":true},"margin_tablet":{"unit":"em","top":"","right":"","bottom":"","left":"","isLinked":true},"margin_mobile":{"unit":"em","top":"","right":"","bottom":"","left":"","isLinked":true},"padding":{"unit":"em","top":"3","right":"2","bottom":"3","left":"2","isLinked":false},"padding_tablet":{"unit":"em","top":"","right":"","bottom":"","left":"","isLinked":true},"padding_mobile":{"unit":"em","top":"","right":"","bottom":"","left":"","isLinked":true},"__globals__":{"border_color":"globals\/colors?id=91734c1"},"border_radius":{"unit":"px","top":"10","right":"10","bottom":"10","left":"10","isLinked":true},"_inline_size_tablet":50},"elements":[{"id":"2f0da0c2","settings":{"title_text":"Custom Methods","description_text":"Lorem ipsum dolor sit amet, consectetur adipiscing elit. Ut elit tellus, luctus nec ullamcorper mattis pulvinar.","image_space":{"unit":"px","size":8,"sizes":[]},"text_align":"center","title_bottom_space":{"unit":"px","size":5,"sizes":[]},"__globals__":{"title_color":"globals\/colors?id=91734c1","title_typography_typography":"globals\/typography?id=eeebd89","description_color":"globals\/colors?id=c6364c3","description_typography_typography":"globals\/typography?id=8c87247"},"image":{"url":"http:\/\/kfkit.rometheme.pro\/intera\/wp-content\/uploads\/sites\/18\/2022\/02\/I8.png","id":160,"alt":"","source":"library"},"title_color":"#F6F6F6"},"elements":[],"isInner":false,"widgetType":"image-box","elType":"widget"},{"id":"4552d92e","settings":{"text":"Learn More","align":"center","selected_icon":{"value":"fas fa-chevron-circle-right","library":"fa-solid"},"icon_align":"right","icon_indent":{"unit":"px","size":15,"sizes":[]},"border_border":"solid","border_width":{"unit":"px","top":"1","right":"1","bottom":"1","left":"1","isLinked":true},"text_padding":{"unit":"px","top":"0","right":"0","bottom":"0","left":"0","isLinked":true},"__globals__":{"typography_typography":"globals\/typography?id=a7477b6","border_color":"globals\/colors?id=76ffbce","button_text_color":"globals\/colors?id=91734c1","background_color":"globals\/colors?id=76ffbce","hover_color":"globals\/colors?id=77ca2af","button_background_hover_color":"globals\/colors?id=76ffbce","button_hover_border_color":"globals\/colors?id=76ffbce"}},"elements":[],"isInner":false,"widgetType":"button","elType":"widget"}],"isInner":true,"elType":"column"},{"id":"1d75aeed","settings":{"_column_size":33,"_inline_size":null,"border_border":"solid","border_width":{"unit":"px","top":"1","right":"1","bottom":"1","left":"1","isLinked":true},"margin":{"unit":"em","top":"1","right":"1","bottom":"1","left":"1","isLinked":true},"margin_tablet":{"unit":"em","top":"","right":"","bottom":"","left":"","isLinked":true},"margin_mobile":{"unit":"em","top":"","right":"","bottom":"","left":"","isLinked":true},"padding":{"unit":"em","top":"3","right":"2","bottom":"3","left":"2","isLinked":false},"padding_tablet":{"unit":"em","top":"","right":"","bottom":"","left":"","isLinked":true},"padding_mobile":{"unit":"em","top":"","right":"","bottom":"","left":"","isLinked":true},"__globals__":{"border_color":"globals\/colors?id=91734c1"},"border_radius":{"unit":"px","top":"10","right":"10","bottom":"10","left":"10","isLinked":true},"_inline_size_tablet":50},"elements":[{"id":"28c35e28","settings":{"title_text":"AI-based Detection","description_text":"Lorem ipsum dolor sit amet, consectetur adipiscing elit. Ut elit tellus, luctus nec ullamcorper mattis pulvinar.","image_space":{"unit":"px","size":8,"sizes":[]},"text_align":"center","title_bottom_space":{"unit":"px","size":5,"sizes":[]},"__globals__":{"title_color":"globals\/colors?id=91734c1","title_typography_typography":"globals\/typography?id=eeebd89","description_color":"globals\/colors?id=c6364c3","description_typography_typography":"globals\/typography?id=8c87247"},"image":{"url":"http:\/\/kfkit.rometheme.pro\/intera\/wp-content\/uploads\/sites\/18\/2022\/02\/I9.png","id":161,"alt":"","source":"library"},"title_color":"#F6F6F6"},"elements":[],"isInner":false,"widgetType":"image-box","elType":"widget"},{"id":"77fe492a","settings":{"text":"Learn More","align":"center","selected_icon":{"value":"fas fa-chevron-circle-right","library":"fa-solid"},"icon_align":"right","icon_indent":{"unit":"px","size":15,"sizes":[]},"border_border":"solid","border_width":{"unit":"px","top":"1","right":"1","bottom":"1","left":"1","isLinked":true},"text_padding":{"unit":"px","top":"0","right":"0","bottom":"0","left":"0","isLinked":true},"__globals__":{"typography_typography":"globals\/typography?id=a7477b6","border_color":"globals\/colors?id=76ffbce","button_text_color":"globals\/colors?id=91734c1","background_color":"globals\/colors?id=76ffbce","hover_color":"globals\/colors?id=77ca2af","button_background_hover_color":"globals\/colors?id=76ffbce","button_hover_border_color":"globals\/colors?id=76ffbce"}},"elements":[],"isInner":false,"widgetType":"button","elType":"widget"}],"isInner":true,"elType":"column"},{"id":"3b3d26fe","settings":{"_column_size":33,"_inline_size":null,"border_border":"solid","border_width":{"unit":"px","top":"1","right":"1","bottom":"1","left":"1","isLinked":true},"margin":{"unit":"em","top":"1","right":"1","bottom":"1","left":"1","isLinked":true},"margin_tablet":{"unit":"em","top":"","right":"","bottom":"","left":"","isLinked":true},"margin_mobile":{"unit":"em","top":"","right":"","bottom":"","left":"","isLinked":true},"padding":{"unit":"em","top":"3","right":"2","bottom":"3","left":"2","isLinked":false},"padding_tablet":{"unit":"em","top":"","right":"","bottom":"","left":"","isLinked":true},"padding_mobile":{"unit":"em","top":"","right":"","bottom":"","left":"","isLinked":true},"__globals__":{"border_color":"globals\/colors?id=91734c1"},"border_radius":{"unit":"px","top":"10","right":"10","bottom":"10","left":"10","isLinked":true},"_inline_size_tablet":100},"elements":[{"id":"77fe0f77","settings":{"title_text":"Threat Intelligence","description_text":"Lorem ipsum dolor sit amet, consectetur adipiscing elit. Ut elit tellus, luctus nec ullamcorper mattis pulvinar.","image_space":{"unit":"px","size":8,"sizes":[]},"text_align":"center","title_bottom_space":{"unit":"px","size":5,"sizes":[]},"__globals__":{"title_color":"globals\/colors?id=91734c1","title_typography_typography":"globals\/typography?id=eeebd89","description_color":"globals\/colors?id=c6364c3","description_typography_typography":"globals\/typography?id=8c87247"},"image":{"url":"http:\/\/kfkit.rometheme.pro\/intera\/wp-content\/uploads\/sites\/18\/2022\/02\/I10.png","id":162,"alt":"","source":"library"},"title_color":"#F6F6F6"},"elements":[],"isInner":false,"widgetType":"image-box","elType":"widget"},{"id":"6e99bf1e","settings":{"text":"Learn More","align":"center","selected_icon":{"value":"fas fa-chevron-circle-right","library":"fa-solid"},"icon_align":"right","icon_indent":{"unit":"px","size":15,"sizes":[]},"border_border":"solid","border_width":{"unit":"px","top":"1","right":"1","bottom":"1","left":"1","isLinked":true},"text_padding":{"unit":"px","top":"0","right":"0","bottom":"0","left":"0","isLinked":true},"__globals__":{"typography_typography":"globals\/typography?id=a7477b6","border_color":"globals\/colors?id=76ffbce","button_text_color":"globals\/colors?id=91734c1","background_color":"globals\/colors?id=76ffbce","hover_color":"globals\/colors?id=77ca2af","button_background_hover_color":"globals\/colors?id=76ffbce","button_hover_border_color":"globals\/colors?id=76ffbce"}},"elements":[],"isInner":false,"widgetType":"button","elType":"widget"}],"isInner":true,"elType":"column"}],"isInner":true,"elType":"section"}],"isInner":false,"elType":"column"}],"isInner":false,"elType":"section"},{"id":"30eb85a","settings":{"structure":"20","background_background":"classic","background_image":{"url":"http:\/\/kfkit.rometheme.pro\/intera\/wp-content\/uploads\/sites\/18\/2022\/02\/P4.jpg","id":173,"alt":"","source":"library"},"background_position":"top center","background_size":"cover","background_overlay_background":"classic","background_overlay_opacity":{"unit":"px","size":0.8,"sizes":[]},"shape_divider_top_width":{"unit":"%","size":130,"sizes":[]},"shape_divider_top_height":{"unit":"px","size":100,"sizes":[]},"shape_divider_top_flip":"yes","shape_divider_bottom":"mountains","shape_divider_bottom_width":{"unit":"%","size":230,"sizes":[]},"shape_divider_bottom_height":{"unit":"px","size":148,"sizes":[]},"padding":{"unit":"em","top":"6","right":"1","bottom":"6","left":"1","isLinked":false},"padding_tablet":{"unit":"em","top":"","right":"","bottom":"","left":"","isLinked":true},"padding_mobile":{"unit":"em","top":"","right":"","bottom":"","left":"","isLinked":true},"__globals__":{"background_overlay_color":"globals\/colors?id=56d4114","shape_divider_top_color":"globals\/colors?id=a87b539","shape_divider_bottom_color":"globals\/colors?id=56d4114","background_overlay_color_b":"globals\/colors?id=76ffbce"},"_title":"Testimonials Section","reverse_order_tablet":"reverse-tablet","reverse_order_mobile":"reverse-mobile"},"elements":[{"id":"6064322f","settings":{"_column_size":50,"_inline_size":null,"padding":{"unit":"em","top":"1","right":"1","bottom":"1","left":"1","isLinked":true},"padding_tablet":{"unit":"em","top":"","right":"","bottom":"","left":"","isLinked":true},"padding_mobile":{"unit":"em","top":"0","right":"0","bottom":"0","left":"0","isLinked":false},"animation":"slideInLeft","animation_duration":"slow","_inline_size_tablet":100},"elements":[{"id":"744d732c","settings":{"image":{"url":"http:\/\/kfkit.rometheme.pro\/intera\/wp-content\/uploads\/sites\/18\/2022\/02\/I11.png","id":181,"alt":"","source":"library"},"image_size":"full","align":"right","width":{"unit":"%","size":12,"sizes":[]},"_margin":{"unit":"px","top":"0","right":"15","bottom":"0","left":"0","isLinked":false},"_margin_tablet":{"unit":"px","top":"0","right":"14","bottom":"0","left":"0","isLinked":false},"_margin_mobile":{"unit":"px","top":"0","right":"4","bottom":"0","left":"0","isLinked":false},"width_mobile":{"unit":"%","size":25,"sizes":[]}},"elements":[],"isInner":false,"widgetType":"image","elType":"widget"},{"id":"35b6438b","settings":{"slides":[{"content":"Mauris sit amet commodo ante, condimentum auctor turpis. tempor ante bibendum elementum hendrerit. Cras dapibus laoreet libero pulvinar. Fusce posuere facilisis ligula pellentesque luctus. Fusce egestas orci sed diam tincidunt venenatis.","name":"Colt Porter","title":"CEO | Founder","image":{"url":"http:\/\/kfkit.rometheme.pro\/intera\/wp-content\/uploads\/sites\/18\/2022\/02\/testimonial-1.png","id":188,"alt":"","source":"library"},"_id":"678f9f1"},{"content":"Proin sit amet commodo ante, condimentum auctor turpis. tempor ante bibendum elementum hendrerit. Cras dapibus laoreet libero pulvinar. Fusce posuere facilisis ligula pellentesque luctus. Fusce egestas orci sed diam tincidunt venenatis.","name":"Allison Brooks","title":"Artist","image":{"url":"http:\/\/kfkit.rometheme.pro\/intera\/wp-content\/uploads\/sites\/18\/2022\/02\/testimonial-4.png","id":190,"alt":"","source":"library"},"_id":"01b025d"},{"content":"Sed eu sit amet commodo ante, condimentum auctor turpis. tempor ante bibendum elementum hendrerit. Cras dapibus laoreet libero pulvinar. Fusce posuere facilisis ligula pellentesque luctus. Fusce egestas orci sed diam tincidunt venenatis.","name":"Zechariah Lewis","title":"Designer","image":{"url":"http:\/\/kfkit.rometheme.pro\/intera\/wp-content\/uploads\/sites\/18\/2022\/02\/testimonial-3.png","id":189,"alt":"","source":"library"},"_id":"270ed68"}],"skin":"bubble","alignment":"left","slides_per_view":"1","slides_to_scroll":"1","show_arrows":"","pagination":"","space_between":{"unit":"px","size":"","sizes":[]},"slide_padding":{"unit":"em","top":"0","right":"0","bottom":"0","left":"0","isLinked":true},"content_color":"#F6F6F6","content_typography_typography":"custom","content_typography_font_family":"Rubik","content_typography_font_size":{"unit":"rem","size":1,"sizes":[]},"content_typography_font_size_tablet":{"unit":"rem","size":"","sizes":[]},"content_typography_font_size_mobile":{"unit":"rem","size":"","sizes":[]},"content_typography_font_weight":"400","content_typography_line_height":{"unit":"em","size":1.8,"sizes":[]},"content_typography_word_spacing":{"unit":"em","size":"","sizes":[]},"image_size":{"unit":"px","size":74,"sizes":[]},"background_color":"#19242DB8","text_padding":{"unit":"em","top":"2","right":"2","bottom":"2","left":"2","isLinked":true},"text_padding_tablet":{"unit":"em","top":"","right":"","bottom":"","left":"","isLinked":true},"text_padding_mobile":{"unit":"em","top":"","right":"","bottom":"","left":"","isLinked":true},"border_radius":{"unit":"px","top":"10","right":"10","bottom":"10","left":"10","isLinked":true},"__globals__":{"slide_background_color":"","background_color":"globals\/colors?id=91e2a4e","content_color":"globals\/colors?id=77ca2af","content_typography_typography":"globals\/typography?id=bf2a579","name_typography_typography":"globals\/typography?id=b45de8e","name_color":"globals\/colors?id=77ca2af","title_color":"globals\/colors?id=91734c1","title_typography_typography":"globals\/typography?id=bf2a579"}},"elements":[],"isInner":false,"widgetType":"testimonial-carousel","elType":"widget"}],"isInner":false,"elType":"column"},{"id":"2301955d","settings":{"_column_size":50,"_inline_size":null,"content_position":"center","padding":{"unit":"em","top":"1","right":"1","bottom":"1","left":"5","isLinked":false},"padding_tablet":{"unit":"em","top":"1","right":"1","bottom":"1","left":"1","isLinked":true},"padding_mobile":{"unit":"em","top":"","right":"","bottom":"","left":"","isLinked":true},"_inline_size_tablet":100},"elements":[{"id":"64d323d1","settings":{"title":"Testimonials","header_size":"h1","align":"left","title_color":"#15ABD9","__globals__":{"title_color":"","typography_typography":"globals\/typography?id=f1402b2"},"typography_typography":"custom","typography_font_family":"Rubik","typography_font_size":{"unit":"rem","size":1,"sizes":[]},"typography_font_size_tablet":{"unit":"rem","size":"","sizes":[]},"typography_font_size_mobile":{"unit":"rem","size":"","sizes":[]},"typography_font_weight":"600","typography_text_transform":"uppercase","typography_line_height":{"unit":"em","size":1,"sizes":[]},"typography_letter_spacing":{"unit":"px","size":8,"sizes":[]},"typography_word_spacing":{"unit":"em","size":"","sizes":[]}},"elements":[],"isInner":false,"widgetType":"heading","elType":"widget"},{"id":"1effd7bd","settings":{"title":"What Client Says","header_size":"h3","align":"left","__globals__":{"title_color":"globals\/colors?id=77ca2af","typography_typography":"globals\/typography?id=3c80dea"},"title_color":"#F6F6F6"},"elements":[],"isInner":false,"widgetType":"heading","elType":"widget"},{"id":"3c2f77d7","settings":{"__globals__":{"text_color":"globals\/colors?id=16f9f85","typography_typography":"globals\/typography?id=8c87247"},"editor":"<p>Testimonials dui, tempus sit amet quam ac, ultrices vehicula elit. Sed euismod vel tortor et luctus. In viverra finibus velit et ullamcorper. Vivamus eleifend velit ac lobortis fringilla. Fusce fermentum in ligula non convallis.\u00a0<\/p><p>Cras auctor tempus mattis. Proin convallis turpis sed aliquam dignissim. Vivamus eleifend velit ac lobortis fringilla.<\/p>"},"elements":[],"isInner":false,"widgetType":"text-editor","elType":"widget"},{"id":"50c73a7c","settings":{"text":"Read More","align":"left","__globals__":{"typography_typography":"globals\/typography?id=a7477b6"}},"elements":[],"isInner":false,"widgetType":"button","elType":"widget"}],"isInner":false,"elType":"column"}],"isInner":false,"elType":"section"},{"id":"6f94f4ca","settings":{"background_background":"gradient","padding":{"unit":"em","top":"6","right":"1","bottom":"6","left":"1","isLinked":false},"padding_tablet":{"unit":"em","top":"","right":"","bottom":"","left":"","isLinked":true},"padding_mobile":{"unit":"em","top":"","right":"","bottom":"","left":"","isLinked":true},"__globals__":{"background_color":"globals\/colors?id=56d4114","background_color_b":"globals\/colors?id=76ffbce"},"_title":"News Section"},"elements":[{"id":"1d5b89ac","settings":{"_column_size":100,"_inline_size":null,"padding":{"unit":"em","top":"1","right":"1","bottom":"1","left":"1","isLinked":true},"padding_tablet":{"unit":"em","top":"","right":"","bottom":"","left":"","isLinked":true},"padding_mobile":{"unit":"em","top":"","right":"","bottom":"","left":"","isLinked":true}},"elements":[{"id":"51bb80dc","settings":{"title":"Latest News","header_size":"h1","align":"center","title_color":"#F6F6F6","__globals__":{"title_color":"globals\/colors?id=91734c1","typography_typography":"globals\/typography?id=f1402b2"}},"elements":[],"isInner":false,"widgetType":"heading","elType":"widget"},{"id":"c4bc587","settings":{"title":"Our News From Intera","header_size":"h1","align":"center","__globals__":{"title_color":"globals\/colors?id=77ca2af","typography_typography":"globals\/typography?id=3c80dea"},"title_color":"#F6F6F6","_margin":{"unit":"%","top":"0","right":"30","bottom":"0","left":"30","isLinked":false},"_margin_tablet":{"unit":"%","top":"0","right":"0","bottom":"0","left":"0","isLinked":false},"_margin_mobile":{"unit":"%","top":"","right":"","bottom":"","left":"","isLinked":true}},"elements":[],"isInner":false,"widgetType":"heading","elType":"widget"},{"id":"64c2e850","settings":{"__globals__":{"text_color":"globals\/colors?id=16f9f85","typography_typography":"globals\/typography?id=8c87247"},"editor":"<p>Maecenas eros dui, tempus sit amet quam ac, ultrices vehicula elit. Sed euismod vel tortor et luctus. In viverra finibus velit et ullamcorper. Vivamus eleifend\u00a0<\/p>","align":"center","_margin":{"unit":"%","top":"0","right":"25","bottom":"0","left":"25","isLinked":false},"_margin_tablet":{"unit":"%","top":"0","right":"0","bottom":"0","left":"0","isLinked":false},"_margin_mobile":{"unit":"%","top":"","right":"","bottom":"","left":"","isLinked":true}},"elements":[],"isInner":false,"widgetType":"text-editor","elType":"widget"},{"id":"2209e3a1","settings":{"_skin":"cards","classic_meta_separator":"\/\/\/","classic_read_more_text":"Read More \u00bb","cards_posts_per_page":3,"cards_thumbnail_size_size":"full","cards_title_tag":"h4","cards_meta_separator":"\u2022","cards_read_more_text":"Read More \u00bb","cards_show_avatar":"","full_content_meta_separator":"\/\/\/","cards_column_gap":{"unit":"px","size":20,"sizes":[]},"cards_row_gap":{"unit":"px","size":"","sizes":[]},"cards_row_gap_tablet":{"unit":"px","size":20,"sizes":[]},"cards_alignment":"left","cards_card_border_width":{"unit":"px","size":1,"sizes":[]},"cards_card_border_radius":{"unit":"px","size":15,"sizes":[]},"cards_box_shadow_box_shadow_type":"","pagination_page_limit":"5","pagination_prev_label":"&laquo; Previous","pagination_next_label":"Next &raquo;","text":"Load More","load_more_no_posts_custom_message":"No more posts to show","__globals__":{"cards_card_bg_color":"globals\/colors?id=56d4114","cards_card_border_color":"globals\/colors?id=91734c1","cards_meta_border_color":"globals\/colors?id=91734c1","cards_badge_bg_color":"globals\/colors?id=91734c1","cards_badge_color":"globals\/colors?id=77ca2af","cards_badge_typography_typography":"globals\/typography?id=bf2a579","cards_title_color":"globals\/colors?id=77ca2af","cards_title_typography_typography":"globals\/typography?id=eeebd89","cards_meta_color":"globals\/colors?id=c6364c3","cards_meta_separator_color":"globals\/colors?id=91734c1","cards_meta_typography_typography":"globals\/typography?id=bf2a579","cards_excerpt_color":"globals\/colors?id=c6364c3","cards_excerpt_typography_typography":"globals\/typography?id=8c87247","cards_read_more_color":"globals\/colors?id=91734c1","cards_read_more_typography_typography":"globals\/typography?id=a7477b6"}},"elements":[],"isInner":false,"widgetType":"posts","elType":"widget"}],"isInner":false,"elType":"column"}],"isInner":false,"elType":"section"},{"id":"7b3869df","settings":{"background_background":"gradient","margin":{"unit":"em","top":"","right":0,"bottom":"","left":0,"isLinked":true},"margin_tablet":{"unit":"em","top":"","right":"","bottom":"","left":"","isLinked":true},"margin_mobile":{"unit":"em","top":"","right":"","bottom":"","left":"","isLinked":true},"padding":{"unit":"em","top":"6","right":"1","bottom":"11","left":"1","isLinked":false},"padding_tablet":{"unit":"em","top":"6","right":"1","bottom":"6","left":"1","isLinked":false},"padding_mobile":{"unit":"em","top":"6","right":"1","bottom":"6","left":"1","isLinked":false},"__globals__":{"background_color_b":"globals\/colors?id=56d4114","background_color":"globals\/colors?id=76ffbce"},"_title":"CTA section"},"elements":[{"id":"41685d40","settings":{"_column_size":100,"_inline_size":null,"background_background":"classic","background_image":{"url":"http:\/\/kfkit.rometheme.pro\/intera\/wp-content\/uploads\/sites\/18\/2022\/02\/P5.jpg","id":247,"alt":"","source":"library"},"background_position":"top center","background_size":"cover","background_overlay_background":"gradient","background_overlay_opacity":{"unit":"px","size":1,"sizes":[]},"border_radius":{"unit":"px","top":"15","right":"15","bottom":"15","left":"15","isLinked":true},"margin":{"unit":"%","top":"","right":"","bottom":"","left":"","isLinked":true},"margin_tablet":{"unit":"%","top":"","right":"","bottom":"","left":"","isLinked":true},"margin_mobile":{"unit":"%","top":"","right":"","bottom":"","left":"","isLinked":true},"padding":{"unit":"em","top":"5","right":"35","bottom":"5","left":"5","isLinked":false},"padding_tablet":{"unit":"em","top":"3","right":"3","bottom":"3","left":"3","isLinked":true},"padding_mobile":{"unit":"em","top":"3","right":"2","bottom":"3","left":"2","isLinked":false},"__globals__":{"background_overlay_color":"globals\/colors?id=91e2a4e","background_overlay_color_b":"globals\/colors?id=56d4114"},"animation":"fadeIn","animation_duration":"slow"},"elements":[{"id":"44eadb8a","settings":{"title":"Intera Promotion","header_size":"h1","align":"left","__globals__":{"title_color":"globals\/colors?id=91734c1","typography_typography":"globals\/typography?id=f1402b2"}},"elements":[],"isInner":false,"widgetType":"heading","elType":"widget"},{"id":"46b53a15","settings":{"title":"Why Not Check Out These Resources to Help You Security Solution","header_size":"h3","align":"left","__globals__":{"title_color":"globals\/colors?id=77ca2af","typography_typography":"globals\/typography?id=3c80dea"},"title_color":"#F6F6F6"},"elements":[],"isInner":false,"widgetType":"heading","elType":"widget"},{"id":"4b2f9d90","settings":{"__globals__":{"text_color":"globals\/colors?id=16f9f85","typography_typography":"globals\/typography?id=8c87247"},"editor":"<p>Promotion dui, tempus sit amet quam ac, ultrices vehicula elit. Sed euismod vel tortor et luctus. In viverra finibus velit et ullamcorper.<\/p>"},"elements":[],"isInner":false,"widgetType":"text-editor","elType":"widget"},{"id":"4fc0d9b9","settings":{"icon_list":[{"text":"NetFlow and IPFIX basics","selected_icon":{"value":"fas fa-check-circle","library":"fa-solid"},"_id":"f67026a","link":{"url":"#","is_external":"","nofollow":"","custom_attributes":""}},{"text":"Network anomaly detection","selected_icon":{"value":"fas fa-check-circle","library":"fa-solid"},"link":{"url":"#","is_external":"","nofollow":"","custom_attributes":""},"_id":"03f1a43"}],"space_between":{"unit":"px","size":30,"sizes":[]},"icon_align":"left","__globals__":{"icon_color":"globals\/colors?id=91734c1","text_color":"globals\/colors?id=77ca2af","text_color_hover":"globals\/colors?id=91734c1"},"view":"inline"},"elements":[],"isInner":false,"widgetType":"icon-list","elType":"widget"},{"id":"36fd3f3d","settings":{"text":"get started","align":"left","__globals__":{"typography_typography":"globals\/typography?id=a7477b6"}},"elements":[],"isInner":false,"widgetType":"button","elType":"widget"}],"isInner":false,"elType":"column"}],"isInner":false,"elType":"section"},{"id":"5a8e434b","settings":{"structure":"20","background_background":"classic","padding":{"unit":"em","top":"6","right":"1","bottom":"6","left":"1","isLinked":false},"padding_tablet":{"unit":"em","top":"","right":"","bottom":"","left":"","isLinked":true},"padding_mobile":{"unit":"em","top":"","right":"","bottom":"","left":"","isLinked":true},"__globals__":{"background_color":"globals\/colors?id=56d4114","background_color_b":"globals\/colors?id=76ffbce"},"_title":"Contact Us Section"},"elements":[{"id":"6d09424b","settings":{"_column_size":50,"_inline_size":null,"content_position":"center","padding":{"unit":"em","top":"1","right":"5","bottom":"1","left":"1","isLinked":false},"padding_tablet":{"unit":"em","top":"1","right":"1","bottom":"5","left":"1","isLinked":false},"padding_mobile":{"unit":"em","top":"1","right":"1","bottom":"5","left":"1","isLinked":false},"_inline_size_tablet":100},"elements":[{"id":"54bd6024","settings":{"title":"Contact Us ","header_size":"h1","align":"left","__globals__":{"title_color":"globals\/colors?id=91734c1","typography_typography":"globals\/typography?id=f1402b2"}},"elements":[],"isInner":false,"widgetType":"heading","elType":"widget"},{"id":"30199169","settings":{"title":"Get In Touch","header_size":"h3","align":"left","__globals__":{"title_color":"globals\/colors?id=77ca2af","typography_typography":"globals\/typography?id=3c80dea"},"title_color":"#F6F6F6"},"elements":[],"isInner":false,"widgetType":"heading","elType":"widget"},{"id":"61062e93","settings":{"__globals__":{"text_color":"globals\/colors?id=16f9f85","typography_typography":"globals\/typography?id=8c87247"},"editor":"<p>Maecenas eros dui, tempus sit amet quam ac, ultrices vehicula elit. Sed euismod vel tortor et luctus. In viverra finibus velit et ullamcorper.<\/p>","text_color":"#A1A1A1"},"elements":[],"isInner":false,"widgetType":"text-editor","elType":"widget"},{"id":"49510388","settings":{"structure":"20"},"elements":[{"id":"44684a94","settings":{"_column_size":50,"_inline_size":null,"padding":{"unit":"em","top":"0","right":"0","bottom":"1","left":"0","isLinked":false},"padding_tablet":{"unit":"em","top":"","right":"","bottom":"","left":"","isLinked":true},"padding_mobile":{"unit":"em","top":"","right":"","bottom":"","left":"","isLinked":true},"_inline_size_mobile":50},"elements":[{"id":"22a87eb0","settings":{"title_text":"Phone Number","description_text":"123-234-1234","image_space":{"unit":"px","size":25,"sizes":[]},"text_align":"left","title_bottom_space":{"unit":"px","size":5,"sizes":[]},"__globals__":{"title_color":"globals\/colors?id=77ca2af","title_typography_typography":"globals\/typography?id=eeebd89","description_color":"globals\/colors?id=c6364c3","description_typography_typography":"globals\/typography?id=8c87247"},"image":{"url":"http:\/\/kfkit.rometheme.pro\/intera\/wp-content\/uploads\/sites\/18\/2022\/02\/I14.png","id":233,"alt":"","source":"library"},"position":"left"},"elements":[],"isInner":false,"widgetType":"image-box","elType":"widget"}],"isInner":true,"elType":"column"},{"id":"3678aae9","settings":{"_column_size":50,"_inline_size":null,"padding":{"unit":"em","top":"0","right":"0","bottom":"1","left":"0","isLinked":false},"padding_tablet":{"unit":"em","top":"","right":"","bottom":"","left":"","isLinked":true},"padding_mobile":{"unit":"em","top":"","right":"","bottom":"","left":"","isLinked":true},"_inline_size_mobile":50},"elements":[{"id":"7bca498","settings":{"title_text":"Email Address","description_text":"hello@awesomesite.com","image_space":{"unit":"px","size":25,"sizes":[]},"text_align":"left","title_bottom_space":{"unit":"px","size":5,"sizes":[]},"__globals__":{"title_color":"globals\/colors?id=77ca2af","title_typography_typography":"globals\/typography?id=eeebd89","description_color":"globals\/colors?id=c6364c3","description_typography_typography":"globals\/typography?id=8c87247"},"image":{"url":"http:\/\/kfkit.rometheme.pro\/intera\/wp-content\/uploads\/sites\/18\/2022\/02\/I12.png","id":231,"alt":"","source":"library"},"position":"left"},"elements":[],"isInner":false,"widgetType":"image-box","elType":"widget"}],"isInner":true,"elType":"column"}],"isInner":true,"elType":"section"},{"id":"214da932","settings":{"structure":"20"},"elements":[{"id":"152efb7b","settings":{"_column_size":50,"_inline_size":null,"padding":{"unit":"em","top":"1","right":"0","bottom":"0","left":"0","isLinked":false},"padding_tablet":{"unit":"em","top":"","right":"","bottom":"","left":"","isLinked":true},"padding_mobile":{"unit":"em","top":"","right":"","bottom":"","left":"","isLinked":true},"_inline_size_mobile":50},"elements":[{"id":"4485402b","settings":{"title_text":"Websites","description_text":"www.awesomesite.com","image_space":{"unit":"px","size":25,"sizes":[]},"text_align":"left","title_bottom_space":{"unit":"px","size":5,"sizes":[]},"__globals__":{"title_color":"globals\/colors?id=77ca2af","title_typography_typography":"globals\/typography?id=eeebd89","description_color":"globals\/colors?id=c6364c3","description_typography_typography":"globals\/typography?id=8c87247"},"image":{"url":"http:\/\/kfkit.rometheme.pro\/intera\/wp-content\/uploads\/sites\/18\/2022\/02\/I15.png","id":234,"alt":"","source":"library"},"position":"left"},"elements":[],"isInner":false,"widgetType":"image-box","elType":"widget"}],"isInner":true,"elType":"column"},{"id":"12e9f8aa","settings":{"_column_size":50,"_inline_size":null,"padding":{"unit":"em","top":"1","right":"0","bottom":"0","left":"0","isLinked":false},"padding_tablet":{"unit":"em","top":"","right":"","bottom":"","left":"","isLinked":true},"padding_mobile":{"unit":"em","top":"","right":"","bottom":"","left":"","isLinked":true},"_inline_size_mobile":50},"elements":[{"id":"175cdbea","settings":{"title_text":"Address","description_text":"99 Roving St., Big City, PKU 23456","image_space":{"unit":"px","size":25,"sizes":[]},"text_align":"left","title_bottom_space":{"unit":"px","size":5,"sizes":[]},"__globals__":{"title_color":"globals\/colors?id=77ca2af","title_typography_typography":"globals\/typography?id=eeebd89","description_color":"globals\/colors?id=c6364c3","description_typography_typography":"globals\/typography?id=8c87247"},"image":{"url":"http:\/\/kfkit.rometheme.pro\/intera\/wp-content\/uploads\/sites\/18\/2022\/02\/I13.png","id":232,"alt":"","source":"library"},"position":"left"},"elements":[],"isInner":false,"widgetType":"image-box","elType":"widget"}],"isInner":true,"elType":"column"}],"isInner":true,"elType":"section"}],"isInner":false,"elType":"column"},{"id":"1f8a4857","settings":{"_column_size":50,"_inline_size":null,"content_position":"center","background_background":"gradient","border_border":"solid","border_width":{"unit":"px","top":"1","right":"1","bottom":"1","left":"1","isLinked":true},"margin":{"unit":"%","top":"-25","right":"0","bottom":"-25","left":"0","isLinked":false},"margin_tablet":{"unit":"%","top":"0","right":"0","bottom":"0","left":"0","isLinked":false},"margin_mobile":{"unit":"%","top":"","right":"","bottom":"","left":"","isLinked":true},"padding":{"unit":"em","top":"4","right":"4","bottom":"4","left":"4","isLinked":true},"padding_tablet":{"unit":"em","top":"5","right":"5","bottom":"5","left":"5","isLinked":true},"padding_mobile":{"unit":"em","top":"2","right":"2","bottom":"2","left":"2","isLinked":true},"__globals__":{"background_color":"globals\/colors?id=a87b539","border_color":"globals\/colors?id=91734c1","background_color_b":"globals\/colors?id=56d4114"},"animation":"slideInRight","animation_duration":"slow","_inline_size_tablet":100,"border_radius":{"unit":"px","top":"20","right":"20","bottom":"20","left":"20","isLinked":true},"z_index":2},"elements":[{"id":"20a45f20","settings":{"title":"You Have Question?","align":"left","__globals__":{"title_color":"globals\/colors?id=91734c1","typography_typography":"globals\/typography?id=3c80dea"}},"elements":[],"isInner":false,"widgetType":"heading","elType":"widget"},{"id":"28596ac5","settings":{"__globals__":{"text_color":"globals\/colors?id=16f9f85","typography_typography":"globals\/typography?id=8c87247"},"editor":"<p>Maecenas eros dui, tempus sit amet quam ac, ultrices vehicula elit.<\/p>"},"elements":[],"isInner":false,"widgetType":"text-editor","elType":"widget"},{"id":"3253036","settings":{"form_name":"Intera Form - Block","form_fields":[{"custom_id":"name","field_label":" Your Name","placeholder":"Your Name","_id":"574ea2d"},{"custom_id":"email","field_type":"email","required":"true","field_label":" Your Email","placeholder":"Your Email","_id":"3e26756"},{"custom_id":"field_4d57685","required":"true","field_label":" Your Subject","placeholder":"Your Subject","_id":"4d57685"},{"custom_id":"message","field_type":"textarea","field_label":" Your Message","placeholder":"Your Message","_id":"46abf45"}],"input_size":"lg","button_width":"40","step_next_label":"Next","step_previous_label":"Previous","button_text":"Send Message","email_content":"[all-fields]","email_content_2":"[all-fields]","success_message":"The form was sent successfully.","error_message":"An error occurred.","required_field_message":"This field is required.","invalid_message":"There&#039;s something wrong. The form is invalid.","column_gap":{"unit":"px","size":"","sizes":[]},"row_gap":{"unit":"px","size":40,"sizes":[]},"field_border_width":{"unit":"px","top":"1","right":"1","bottom":"1","left":"1","isLinked":true},"field_border_radius":{"unit":"px","top":"5","right":"5","bottom":"5","left":"5","isLinked":true},"button_border_border":"solid","button_border_width":{"unit":"px","top":"1","right":"1","bottom":"1","left":"1","isLinked":true},"button_border_radius":{"unit":"px","top":"5","right":"5","bottom":"5","left":"5","isLinked":true},"__globals__":{"field_text_color":"globals\/colors?id=16f9f85","field_typography_typography":"globals\/typography?id=bf2a579","field_background_color":"globals\/colors?id=76ffbce","field_border_color":"globals\/colors?id=91734c1","button_typography_typography":"globals\/typography?id=a7477b6","button_background_color":"globals\/colors?id=91734c1","button_text_color":"globals\/colors?id=77ca2af","button_border_color":"globals\/colors?id=76ffbce","previous_button_background_color":"globals\/colors?id=91734c1","previous_button_text_color":"globals\/colors?id=77ca2af","previous_button_border_color":"globals\/colors?id=76ffbce","button_background_hover_color":"globals\/colors?id=76ffbce","button_hover_color":"globals\/colors?id=91734c1","button_hover_border_color":"globals\/colors?id=91734c1","previous_button_background_color_hover":"globals\/colors?id=76ffbce","previous_button_text_color_hover":"globals\/colors?id=77ca2af","previous_button_border_color_hover":"globals\/colors?id=91734c1"},"show_labels":""},"elements":[],"isInner":false,"widgetType":"form","elType":"widget"}],"isInner":false,"elType":"column"}],"isInner":false,"elType":"section"}],"settings":{"hide_title":"yes"},"metadata":[]}