{"content":[{"id":"515d6f3d","settings":{"height":"min-height","custom_height":{"unit":"vh","size":70,"sizes":[]},"custom_height_tablet":{"unit":"vh","size":"","sizes":[]},"custom_height_mobile":{"unit":"vh","size":"","sizes":[]},"background_background":"classic","background_image":{"url":"http:\/\/kfkit.rometheme.pro\/intera\/wp-content\/uploads\/sites\/18\/2022\/02\/P5.jpg","id":247,"alt":"","source":"library"},"background_position":"center center","background_size":"cover","background_overlay_background":"gradient","background_overlay_opacity":{"unit":"px","size":1,"sizes":[]},"__globals__":{"background_overlay_color_b":"globals\/colors?id=56d4114","background_overlay_color":"globals\/colors?id=91e2a4e"},"_title":"Header Page Section"},"elements":[{"id":"fce5f42","settings":{"_column_size":100,"_inline_size":null,"padding":{"unit":"em","top":"1","right":"1","bottom":"1","left":"1","isLinked":true},"padding_tablet":{"unit":"em","top":"","right":"","bottom":"","left":"","isLinked":true},"padding_mobile":{"unit":"em","top":"","right":"","bottom":"","left":"","isLinked":true},"animation":"fadeIn","animation_duration":"slow"},"elements":[{"id":"264e61b3","settings":{"title":"Testimonials.","align":"center","__globals__":{"title_color":"globals\/colors?id=77ca2af","typography_typography":"globals\/typography?id=397e667"},"title_color":"#F6F6F6"},"elements":[],"isInner":false,"widgetType":"heading","elType":"widget"}],"isInner":false,"elType":"column"}],"isInner":false,"elType":"section"},{"id":"450738b0","settings":{"background_background":"classic","background_image":{"url":"http:\/\/kfkit.rometheme.pro\/intera\/wp-content\/uploads\/sites\/18\/2022\/02\/Landing-2.png","id":38,"alt":"","source":"library"},"background_position":"center center","background_attachment":"fixed","background_size":"cover","background_overlay_background":"gradient","background_overlay_opacity":{"unit":"px","size":1,"sizes":[]},"padding":{"unit":"em","top":"6","right":"1","bottom":"6","left":"1","isLinked":false},"padding_tablet":{"unit":"em","top":"","right":"","bottom":"","left":"","isLinked":true},"padding_mobile":{"unit":"em","top":"","right":"","bottom":"","left":"","isLinked":true},"_title":"Testimonials Section","__globals__":{"background_overlay_color":"globals\/colors?id=56d4114","background_overlay_color_b":"globals\/colors?id=76ffbce"}},"elements":[{"id":"10fd1403","settings":{"_column_size":100,"_inline_size":null,"padding":{"unit":"em","top":"1","right":"1","bottom":"1","left":"1","isLinked":true},"padding_tablet":{"unit":"em","top":"","right":"","bottom":"","left":"","isLinked":true},"padding_mobile":{"unit":"em","top":"","right":"","bottom":"","left":"","isLinked":true}},"elements":[{"id":"4dcc9643","settings":{"title":"Testimonials","header_size":"h1","align":"center","__globals__":{"title_color":"globals\/colors?id=91734c1","typography_typography":"globals\/typography?id=f1402b2"}},"elements":[],"isInner":false,"widgetType":"heading","elType":"widget"},{"id":"60d13b02","settings":{"title":"What Client Says","header_size":"h3","align":"center","__globals__":{"title_color":"globals\/colors?id=77ca2af","typography_typography":"globals\/typography?id=3c80dea"},"title_color":"#F6F6F6"},"elements":[],"isInner":false,"widgetType":"heading","elType":"widget"},{"id":"6b0d14e3","settings":{"__globals__":{"text_color":"globals\/colors?id=16f9f85","typography_typography":"globals\/typography?id=8c87247"},"editor":"<p>Maecenas eros dui, tempus sit amet quam ac, ultrices vehicula elit. Sed euismod vel tortor et luctus. In viverra finibus velit et ullamcorper. Vivamus eleifend\u00a0<\/p>","align":"center","_margin":{"unit":"%","top":"0","right":"25","bottom":"0","left":"25","isLinked":false},"_margin_tablet":{"unit":"%","top":"0","right":"0","bottom":"0","left":"0","isLinked":false},"_margin_mobile":{"unit":"%","top":"","right":"","bottom":"","left":"","isLinked":true}},"elements":[],"isInner":false,"widgetType":"text-editor","elType":"widget"},{"id":"5ed5d0ab","settings":{"structure":"30"},"elements":[{"id":"7c032744","settings":{"_column_size":33,"_inline_size":null,"_inline_size_tablet":50},"elements":[{"id":"10d9f330","settings":{"image":{"url":"http:\/\/kfkit.rometheme.pro\/intera\/wp-content\/uploads\/sites\/18\/2022\/02\/I11.png","id":181,"alt":"","source":"library"},"image_size":"full","align":"right","width":{"unit":"%","size":18,"sizes":[]},"_margin":{"unit":"px","top":"0","right":"15","bottom":"0","left":"0","isLinked":false},"_margin_tablet":{"unit":"px","top":"0","right":"14","bottom":"0","left":"0","isLinked":false},"_margin_mobile":{"unit":"px","top":"0","right":"4","bottom":"0","left":"0","isLinked":false},"width_mobile":{"unit":"%","size":25,"sizes":[]}},"elements":[],"isInner":false,"widgetType":"image","elType":"widget"},{"id":"71e90808","settings":{"slides":[{"content":"Mauris sit amet commodo ante, condimentum auctor turpis. tempor ante bibendum elementum hendrerit. Cras dapibus laoreet libero pulvinar. Fusce posuere facilisis ligula pellentesque luctus. Fusce egestas orci sed diam tincidunt venenatis.","name":"Colt Porter","title":"CEO | Founder","image":{"url":"http:\/\/kfkit.rometheme.pro\/intera\/wp-content\/uploads\/sites\/18\/2022\/02\/testimonial-1.png","id":188,"alt":"","source":"library"},"_id":"678f9f1"}],"skin":"bubble","alignment":"left","show_arrows":"","pagination":"","space_between":{"unit":"px","size":"","sizes":[]},"slide_padding":{"unit":"em","top":"0","right":"0","bottom":"0","left":"0","isLinked":true},"content_color":"#F6F6F6","content_typography_typography":"custom","content_typography_font_family":"Rubik","content_typography_font_size":{"unit":"rem","size":1,"sizes":[]},"content_typography_font_size_tablet":{"unit":"rem","size":"","sizes":[]},"content_typography_font_size_mobile":{"unit":"rem","size":"","sizes":[]},"content_typography_font_weight":"400","content_typography_line_height":{"unit":"em","size":1.8,"sizes":[]},"content_typography_word_spacing":{"unit":"em","size":"","sizes":[]},"image_size":{"unit":"px","size":74,"sizes":[]},"background_color":"#19242DB8","text_padding":{"unit":"em","top":"2","right":"2","bottom":"2","left":"2","isLinked":true},"text_padding_tablet":{"unit":"em","top":"","right":"","bottom":"","left":"","isLinked":true},"text_padding_mobile":{"unit":"em","top":"","right":"","bottom":"","left":"","isLinked":true},"border_radius":{"unit":"px","top":"10","right":"10","bottom":"10","left":"10","isLinked":true},"__globals__":{"slide_background_color":"","background_color":"globals\/colors?id=91e2a4e","content_color":"globals\/colors?id=77ca2af","content_typography_typography":"globals\/typography?id=bf2a579","name_typography_typography":"globals\/typography?id=b45de8e","name_color":"globals\/colors?id=77ca2af","title_color":"globals\/colors?id=91734c1","title_typography_typography":"globals\/typography?id=bf2a579"}},"elements":[],"isInner":false,"widgetType":"testimonial-carousel","elType":"widget"}],"isInner":true,"elType":"column"},{"id":"774feb1b","settings":{"_column_size":33,"_inline_size":null,"_inline_size_tablet":50},"elements":[{"id":"467790f4","settings":{"image":{"url":"http:\/\/kfkit.rometheme.pro\/intera\/wp-content\/uploads\/sites\/18\/2022\/02\/I11.png","id":181,"alt":"","source":"library"},"image_size":"full","align":"right","width":{"unit":"%","size":18,"sizes":[]},"_margin":{"unit":"px","top":"0","right":"15","bottom":"0","left":"0","isLinked":false},"_margin_tablet":{"unit":"px","top":"0","right":"14","bottom":"0","left":"0","isLinked":false},"_margin_mobile":{"unit":"px","top":"0","right":"4","bottom":"0","left":"0","isLinked":false},"width_mobile":{"unit":"%","size":25,"sizes":[]}},"elements":[],"isInner":false,"widgetType":"image","elType":"widget"},{"id":"75077e9b","settings":{"slides":[{"content":"Proin sit amet commodo ante, condimentum auctor turpis. tempor ante bibendum elementum hendrerit. Cras dapibus laoreet libero pulvinar. Fusce posuere facilisis ligula pellentesque luctus. Fusce egestas orci sed diam tincidunt venenatis.","name":"Allison Brooks","title":"Artist","image":{"url":"http:\/\/kfkit.rometheme.pro\/intera\/wp-content\/uploads\/sites\/18\/2022\/02\/testimonial-4.png","id":190,"alt":"","source":"library"},"_id":"01b025d"}],"skin":"bubble","alignment":"left","show_arrows":"","pagination":"","space_between":{"unit":"px","size":"","sizes":[]},"slide_padding":{"unit":"em","top":"0","right":"0","bottom":"0","left":"0","isLinked":true},"content_color":"#F6F6F6","content_typography_typography":"custom","content_typography_font_family":"Rubik","content_typography_font_size":{"unit":"rem","size":1,"sizes":[]},"content_typography_font_size_tablet":{"unit":"rem","size":"","sizes":[]},"content_typography_font_size_mobile":{"unit":"rem","size":"","sizes":[]},"content_typography_font_weight":"400","content_typography_line_height":{"unit":"em","size":1.8,"sizes":[]},"content_typography_word_spacing":{"unit":"em","size":"","sizes":[]},"image_size":{"unit":"px","size":74,"sizes":[]},"background_color":"#19242DB8","text_padding":{"unit":"em","top":"2","right":"2","bottom":"2","left":"2","isLinked":true},"text_padding_tablet":{"unit":"em","top":"","right":"","bottom":"","left":"","isLinked":true},"text_padding_mobile":{"unit":"em","top":"","right":"","bottom":"","left":"","isLinked":true},"border_radius":{"unit":"px","top":"10","right":"10","bottom":"10","left":"10","isLinked":true},"__globals__":{"slide_background_color":"","background_color":"globals\/colors?id=91e2a4e","content_color":"globals\/colors?id=77ca2af","content_typography_typography":"globals\/typography?id=bf2a579","name_typography_typography":"globals\/typography?id=b45de8e","name_color":"globals\/colors?id=77ca2af","title_color":"globals\/colors?id=91734c1","title_typography_typography":"globals\/typography?id=bf2a579"}},"elements":[],"isInner":false,"widgetType":"testimonial-carousel","elType":"widget"}],"isInner":true,"elType":"column"},{"id":"62328510","settings":{"_column_size":33,"_inline_size":null,"_inline_size_tablet":100},"elements":[{"id":"38cfb975","settings":{"image":{"url":"http:\/\/kfkit.rometheme.pro\/intera\/wp-content\/uploads\/sites\/18\/2022\/02\/I11.png","id":181,"alt":"","source":"library"},"image_size":"full","align":"right","width":{"unit":"%","size":18,"sizes":[]},"_margin":{"unit":"px","top":"0","right":"15","bottom":"0","left":"0","isLinked":false},"_margin_tablet":{"unit":"px","top":"0","right":"14","bottom":"0","left":"0","isLinked":false},"_margin_mobile":{"unit":"px","top":"0","right":"4","bottom":"0","left":"0","isLinked":false},"width_mobile":{"unit":"%","size":25,"sizes":[]}},"elements":[],"isInner":false,"widgetType":"image","elType":"widget"},{"id":"436ddc45","settings":{"slides":[{"content":"Sed eu sit amet commodo ante, condimentum auctor turpis. tempor ante bibendum elementum hendrerit. Cras dapibus laoreet libero pulvinar. Fusce posuere facilisis ligula pellentesque luctus. Fusce egestas orci sed diam tincidunt venenatis.","name":"Zechariah Lewis","title":"Designer","image":{"url":"http:\/\/kfkit.rometheme.pro\/intera\/wp-content\/uploads\/sites\/18\/2022\/02\/testimonial-3.png","id":189,"alt":"","source":"library"},"_id":"270ed68"}],"skin":"bubble","alignment":"left","show_arrows":"","pagination":"","space_between":{"unit":"px","size":"","sizes":[]},"slide_padding":{"unit":"em","top":"0","right":"0","bottom":"0","left":"0","isLinked":true},"content_color":"#F6F6F6","content_typography_typography":"custom","content_typography_font_family":"Rubik","content_typography_font_size":{"unit":"rem","size":1,"sizes":[]},"content_typography_font_size_tablet":{"unit":"rem","size":"","sizes":[]},"content_typography_font_size_mobile":{"unit":"rem","size":"","sizes":[]},"content_typography_font_weight":"400","content_typography_line_height":{"unit":"em","size":1.8,"sizes":[]},"content_typography_word_spacing":{"unit":"em","size":"","sizes":[]},"image_size":{"unit":"px","size":74,"sizes":[]},"background_color":"#19242DB8","text_padding":{"unit":"em","top":"2","right":"2","bottom":"2","left":"2","isLinked":true},"text_padding_tablet":{"unit":"em","top":"","right":"","bottom":"","left":"","isLinked":true},"text_padding_mobile":{"unit":"em","top":"","right":"","bottom":"","left":"","isLinked":true},"border_radius":{"unit":"px","top":"10","right":"10","bottom":"10","left":"10","isLinked":true},"__globals__":{"slide_background_color":"","background_color":"globals\/colors?id=91e2a4e","content_color":"globals\/colors?id=77ca2af","content_typography_typography":"globals\/typography?id=bf2a579","name_typography_typography":"globals\/typography?id=b45de8e","name_color":"globals\/colors?id=77ca2af","title_color":"globals\/colors?id=91734c1","title_typography_typography":"globals\/typography?id=bf2a579"}},"elements":[],"isInner":false,"widgetType":"testimonial-carousel","elType":"widget"}],"isInner":true,"elType":"column"}],"isInner":true,"elType":"section"},{"id":"6138114b","settings":[],"elements":[],"isInner":false,"widgetType":"spacer","elType":"widget"},{"id":"6c8f7118","settings":{"structure":"30"},"elements":[{"id":"6b99cc7c","settings":{"_column_size":33,"_inline_size":null,"_inline_size_tablet":50},"elements":[{"id":"363334a6","settings":{"image":{"url":"http:\/\/kfkit.rometheme.pro\/intera\/wp-content\/uploads\/sites\/18\/2022\/02\/I11.png","id":181,"alt":"","source":"library"},"image_size":"full","align":"right","width":{"unit":"%","size":18,"sizes":[]},"_margin":{"unit":"px","top":"0","right":"15","bottom":"0","left":"0","isLinked":false},"_margin_tablet":{"unit":"px","top":"0","right":"14","bottom":"0","left":"0","isLinked":false},"_margin_mobile":{"unit":"px","top":"0","right":"4","bottom":"0","left":"0","isLinked":false},"width_mobile":{"unit":"%","size":25,"sizes":[]}},"elements":[],"isInner":false,"widgetType":"image","elType":"widget"},{"id":"1d943999","settings":{"slides":[{"content":"Mauris sit amet commodo ante, condimentum auctor turpis. tempor ante bibendum elementum hendrerit. Cras dapibus laoreet libero pulvinar. Fusce posuere facilisis ligula pellentesque luctus. Fusce egestas orci sed diam tincidunt venenatis.","name":"Colt Porter","title":"CEO | Founder","image":{"url":"http:\/\/kfkit.rometheme.pro\/intera\/wp-content\/uploads\/sites\/18\/2022\/02\/testimonial-1.png","id":188,"alt":"","source":"library"},"_id":"678f9f1"}],"skin":"bubble","alignment":"left","show_arrows":"","pagination":"","space_between":{"unit":"px","size":"","sizes":[]},"slide_padding":{"unit":"em","top":"0","right":"0","bottom":"0","left":"0","isLinked":true},"content_color":"#F6F6F6","content_typography_typography":"custom","content_typography_font_family":"Rubik","content_typography_font_size":{"unit":"rem","size":1,"sizes":[]},"content_typography_font_size_tablet":{"unit":"rem","size":"","sizes":[]},"content_typography_font_size_mobile":{"unit":"rem","size":"","sizes":[]},"content_typography_font_weight":"400","content_typography_line_height":{"unit":"em","size":1.8,"sizes":[]},"content_typography_word_spacing":{"unit":"em","size":"","sizes":[]},"image_size":{"unit":"px","size":74,"sizes":[]},"background_color":"#19242DB8","text_padding":{"unit":"em","top":"2","right":"2","bottom":"2","left":"2","isLinked":true},"text_padding_tablet":{"unit":"em","top":"","right":"","bottom":"","left":"","isLinked":true},"text_padding_mobile":{"unit":"em","top":"","right":"","bottom":"","left":"","isLinked":true},"border_radius":{"unit":"px","top":"10","right":"10","bottom":"10","left":"10","isLinked":true},"__globals__":{"slide_background_color":"","background_color":"globals\/colors?id=91e2a4e","content_color":"globals\/colors?id=77ca2af","content_typography_typography":"globals\/typography?id=bf2a579","name_typography_typography":"globals\/typography?id=b45de8e","name_color":"globals\/colors?id=77ca2af","title_color":"globals\/colors?id=91734c1","title_typography_typography":"globals\/typography?id=bf2a579"}},"elements":[],"isInner":false,"widgetType":"testimonial-carousel","elType":"widget"}],"isInner":true,"elType":"column"},{"id":"77cc6e37","settings":{"_column_size":33,"_inline_size":null,"_inline_size_tablet":50},"elements":[{"id":"42642a61","settings":{"image":{"url":"http:\/\/kfkit.rometheme.pro\/intera\/wp-content\/uploads\/sites\/18\/2022\/02\/I11.png","id":181,"alt":"","source":"library"},"image_size":"full","align":"right","width":{"unit":"%","size":18,"sizes":[]},"_margin":{"unit":"px","top":"0","right":"15","bottom":"0","left":"0","isLinked":false},"_margin_tablet":{"unit":"px","top":"0","right":"14","bottom":"0","left":"0","isLinked":false},"_margin_mobile":{"unit":"px","top":"0","right":"4","bottom":"0","left":"0","isLinked":false},"width_mobile":{"unit":"%","size":25,"sizes":[]}},"elements":[],"isInner":false,"widgetType":"image","elType":"widget"},{"id":"1d6c0c45","settings":{"slides":[{"content":"Proin sit amet commodo ante, condimentum auctor turpis. tempor ante bibendum elementum hendrerit. Cras dapibus laoreet libero pulvinar. Fusce posuere facilisis ligula pellentesque luctus. Fusce egestas orci sed diam tincidunt venenatis.","name":"Allison Brooks","title":"Artist","image":{"url":"http:\/\/kfkit.rometheme.pro\/intera\/wp-content\/uploads\/sites\/18\/2022\/02\/testimonial-4.png","id":190,"alt":"","source":"library"},"_id":"01b025d"}],"skin":"bubble","alignment":"left","show_arrows":"","pagination":"","space_between":{"unit":"px","size":"","sizes":[]},"slide_padding":{"unit":"em","top":"0","right":"0","bottom":"0","left":"0","isLinked":true},"content_color":"#F6F6F6","content_typography_typography":"custom","content_typography_font_family":"Rubik","content_typography_font_size":{"unit":"rem","size":1,"sizes":[]},"content_typography_font_size_tablet":{"unit":"rem","size":"","sizes":[]},"content_typography_font_size_mobile":{"unit":"rem","size":"","sizes":[]},"content_typography_font_weight":"400","content_typography_line_height":{"unit":"em","size":1.8,"sizes":[]},"content_typography_word_spacing":{"unit":"em","size":"","sizes":[]},"image_size":{"unit":"px","size":74,"sizes":[]},"background_color":"#19242DB8","text_padding":{"unit":"em","top":"2","right":"2","bottom":"2","left":"2","isLinked":true},"text_padding_tablet":{"unit":"em","top":"","right":"","bottom":"","left":"","isLinked":true},"text_padding_mobile":{"unit":"em","top":"","right":"","bottom":"","left":"","isLinked":true},"border_radius":{"unit":"px","top":"10","right":"10","bottom":"10","left":"10","isLinked":true},"__globals__":{"slide_background_color":"","background_color":"globals\/colors?id=91e2a4e","content_color":"globals\/colors?id=77ca2af","content_typography_typography":"globals\/typography?id=bf2a579","name_typography_typography":"globals\/typography?id=b45de8e","name_color":"globals\/colors?id=77ca2af","title_color":"globals\/colors?id=91734c1","title_typography_typography":"globals\/typography?id=bf2a579"}},"elements":[],"isInner":false,"widgetType":"testimonial-carousel","elType":"widget"}],"isInner":true,"elType":"column"},{"id":"61aaac79","settings":{"_column_size":33,"_inline_size":null,"_inline_size_tablet":100},"elements":[{"id":"6574fbea","settings":{"image":{"url":"http:\/\/kfkit.rometheme.pro\/intera\/wp-content\/uploads\/sites\/18\/2022\/02\/I11.png","id":181,"alt":"","source":"library"},"image_size":"full","align":"right","width":{"unit":"%","size":18,"sizes":[]},"_margin":{"unit":"px","top":"0","right":"15","bottom":"0","left":"0","isLinked":false},"_margin_tablet":{"unit":"px","top":"0","right":"14","bottom":"0","left":"0","isLinked":false},"_margin_mobile":{"unit":"px","top":"0","right":"4","bottom":"0","left":"0","isLinked":false},"width_mobile":{"unit":"%","size":25,"sizes":[]}},"elements":[],"isInner":false,"widgetType":"image","elType":"widget"},{"id":"594a2b73","settings":{"slides":[{"content":"Sed eu sit amet commodo ante, condimentum auctor turpis. tempor ante bibendum elementum hendrerit. Cras dapibus laoreet libero pulvinar. Fusce posuere facilisis ligula pellentesque luctus. Fusce egestas orci sed diam tincidunt venenatis.","name":"Zechariah Lewis","title":"Designer","image":{"url":"http:\/\/kfkit.rometheme.pro\/intera\/wp-content\/uploads\/sites\/18\/2022\/02\/testimonial-3.png","id":189,"alt":"","source":"library"},"_id":"270ed68"}],"skin":"bubble","alignment":"left","show_arrows":"","pagination":"","space_between":{"unit":"px","size":"","sizes":[]},"slide_padding":{"unit":"em","top":"0","right":"0","bottom":"0","left":"0","isLinked":true},"content_color":"#F6F6F6","content_typography_typography":"custom","content_typography_font_family":"Rubik","content_typography_font_size":{"unit":"rem","size":1,"sizes":[]},"content_typography_font_size_tablet":{"unit":"rem","size":"","sizes":[]},"content_typography_font_size_mobile":{"unit":"rem","size":"","sizes":[]},"content_typography_font_weight":"400","content_typography_line_height":{"unit":"em","size":1.8,"sizes":[]},"content_typography_word_spacing":{"unit":"em","size":"","sizes":[]},"image_size":{"unit":"px","size":74,"sizes":[]},"background_color":"#19242DB8","text_padding":{"unit":"em","top":"2","right":"2","bottom":"2","left":"2","isLinked":true},"text_padding_tablet":{"unit":"em","top":"","right":"","bottom":"","left":"","isLinked":true},"text_padding_mobile":{"unit":"em","top":"","right":"","bottom":"","left":"","isLinked":true},"border_radius":{"unit":"px","top":"10","right":"10","bottom":"10","left":"10","isLinked":true},"__globals__":{"slide_background_color":"","background_color":"globals\/colors?id=91e2a4e","content_color":"globals\/colors?id=77ca2af","content_typography_typography":"globals\/typography?id=bf2a579","name_typography_typography":"globals\/typography?id=b45de8e","name_color":"globals\/colors?id=77ca2af","title_color":"globals\/colors?id=91734c1","title_typography_typography":"globals\/typography?id=bf2a579"}},"elements":[],"isInner":false,"widgetType":"testimonial-carousel","elType":"widget"}],"isInner":true,"elType":"column"}],"isInner":true,"elType":"section"}],"isInner":false,"elType":"column"}],"isInner":false,"elType":"section"},{"id":"70d0611e","settings":{"background_background":"classic","margin":{"unit":"em","top":"","right":0,"bottom":"","left":0,"isLinked":true},"margin_tablet":{"unit":"em","top":"","right":"","bottom":"","left":"","isLinked":true},"margin_mobile":{"unit":"em","top":"","right":"","bottom":"","left":"","isLinked":true},"padding":{"unit":"em","top":"6","right":"1","bottom":"11","left":"1","isLinked":false},"padding_tablet":{"unit":"em","top":"6","right":"1","bottom":"6","left":"1","isLinked":false},"padding_mobile":{"unit":"em","top":"6","right":"1","bottom":"6","left":"1","isLinked":false},"__globals__":{"background_color_b":"globals\/colors?id=56d4114","background_color":"globals\/colors?id=76ffbce","background_overlay_color_b":"globals\/colors?id=56d4114","background_overlay_color":"globals\/colors?id=76ffbce"},"_title":"CTA section","background_image":{"url":"http:\/\/kfkit.rometheme.pro\/intera\/wp-content\/uploads\/sites\/18\/2022\/02\/Landing-2.png","id":38,"alt":"","source":"library"},"background_position":"center center","background_attachment":"fixed","background_size":"cover","background_overlay_background":"gradient","background_overlay_opacity":{"unit":"px","size":1,"sizes":[]}},"elements":[{"id":"21290ad5","settings":{"_column_size":100,"_inline_size":null,"background_background":"classic","background_image":{"url":"http:\/\/kfkit.rometheme.pro\/intera\/wp-content\/uploads\/sites\/18\/2022\/02\/P5.jpg","id":247,"alt":"","source":"library"},"background_position":"top center","background_size":"cover","background_overlay_background":"gradient","background_overlay_opacity":{"unit":"px","size":1,"sizes":[]},"border_radius":{"unit":"px","top":"15","right":"15","bottom":"15","left":"15","isLinked":true},"margin":{"unit":"%","top":"","right":"","bottom":"","left":"","isLinked":true},"margin_tablet":{"unit":"%","top":"","right":"","bottom":"","left":"","isLinked":true},"margin_mobile":{"unit":"%","top":"","right":"","bottom":"","left":"","isLinked":true},"padding":{"unit":"em","top":"5","right":"35","bottom":"5","left":"5","isLinked":false},"padding_tablet":{"unit":"em","top":"3","right":"3","bottom":"3","left":"3","isLinked":true},"padding_mobile":{"unit":"em","top":"3","right":"2","bottom":"3","left":"2","isLinked":false},"__globals__":{"background_overlay_color":"globals\/colors?id=91e2a4e","background_overlay_color_b":"globals\/colors?id=56d4114"},"animation":"fadeIn","animation_duration":"slow"},"elements":[{"id":"61bf0243","settings":{"title":"Intera Promotion","header_size":"h1","align":"left","__globals__":{"title_color":"globals\/colors?id=91734c1","typography_typography":"globals\/typography?id=f1402b2"}},"elements":[],"isInner":false,"widgetType":"heading","elType":"widget"},{"id":"15c82fef","settings":{"title":"Why Not Check Out These Resources to Help You Security Solution","header_size":"h3","align":"left","__globals__":{"title_color":"globals\/colors?id=77ca2af","typography_typography":"globals\/typography?id=3c80dea"},"title_color":"#F6F6F6"},"elements":[],"isInner":false,"widgetType":"heading","elType":"widget"},{"id":"4c93cd6","settings":{"__globals__":{"text_color":"globals\/colors?id=16f9f85","typography_typography":"globals\/typography?id=8c87247"},"editor":"<p>Promotion dui, tempus sit amet quam ac, ultrices vehicula elit. Sed euismod vel tortor et luctus. In viverra finibus velit et ullamcorper.<\/p>"},"elements":[],"isInner":false,"widgetType":"text-editor","elType":"widget"},{"id":"5422210b","settings":{"icon_list":[{"text":"NetFlow and IPFIX basics","selected_icon":{"value":"fas fa-check-circle","library":"fa-solid"},"_id":"f67026a","link":{"url":"#","is_external":"","nofollow":"","custom_attributes":""}},{"text":"Network anomaly detection","selected_icon":{"value":"fas fa-check-circle","library":"fa-solid"},"link":{"url":"#","is_external":"","nofollow":"","custom_attributes":""},"_id":"03f1a43"}],"space_between":{"unit":"px","size":30,"sizes":[]},"icon_align":"left","__globals__":{"icon_color":"globals\/colors?id=91734c1","text_color":"globals\/colors?id=77ca2af","text_color_hover":"globals\/colors?id=91734c1"},"view":"inline"},"elements":[],"isInner":false,"widgetType":"icon-list","elType":"widget"},{"id":"21ac7777","settings":{"text":"get started","align":"left","__globals__":{"typography_typography":"globals\/typography?id=a7477b6"}},"elements":[],"isInner":false,"widgetType":"button","elType":"widget"}],"isInner":false,"elType":"column"}],"isInner":false,"elType":"section"}],"settings":[],"metadata":[]}