{"content":[{"id":"4d0ca517","settings":{"height":"min-height","custom_height":{"unit":"vh","size":70,"sizes":[]},"custom_height_tablet":{"unit":"vh","size":"","sizes":[]},"custom_height_mobile":{"unit":"vh","size":"","sizes":[]},"background_background":"classic","background_image":{"url":"http:\/\/kfkit.rometheme.pro\/intera\/wp-content\/uploads\/sites\/18\/2022\/02\/P5.jpg","id":247,"alt":"","source":"library"},"background_position":"center center","background_size":"cover","background_overlay_background":"gradient","background_overlay_opacity":{"unit":"px","size":1,"sizes":[]},"__globals__":{"background_overlay_color_b":"globals\/colors?id=56d4114","background_overlay_color":"globals\/colors?id=91e2a4e"},"_title":"Header Page Section"},"elements":[{"id":"266db513","settings":{"_column_size":100,"_inline_size":null,"padding":{"unit":"em","top":"1","right":"1","bottom":"1","left":"1","isLinked":true},"padding_tablet":{"unit":"em","top":"","right":"","bottom":"","left":"","isLinked":true},"padding_mobile":{"unit":"em","top":"","right":"","bottom":"","left":"","isLinked":true},"animation":"fadeIn","animation_duration":"slow"},"elements":[{"id":"3681d377","settings":{"title":"Single Post.","align":"center","__globals__":{"title_color":"globals\/colors?id=77ca2af","typography_typography":"globals\/typography?id=397e667"},"title_color":"#F6F6F6"},"elements":[],"isInner":false,"widgetType":"heading","elType":"widget"}],"isInner":false,"elType":"column"}],"isInner":false,"elType":"section"},{"id":"2abdb86","settings":{"structure":"20","background_background":"gradient","padding":{"unit":"em","top":"6","right":"1","bottom":"6","left":"1","isLinked":false},"padding_tablet":{"unit":"em","top":"","right":"","bottom":"","left":"","isLinked":true},"padding_mobile":{"unit":"em","top":"","right":"","bottom":"","left":"","isLinked":true},"__globals__":{"background_color":"globals\/colors?id=56d4114","background_color_b":"globals\/colors?id=76ffbce"},"_title":"Post Content Section"},"elements":[{"id":"77ef2726","settings":{"_column_size":50,"_inline_size":65,"_inline_size_tablet":100,"padding":{"unit":"em","top":"1","right":"1","bottom":"1","left":"1","isLinked":true},"padding_tablet":{"unit":"em","top":"","right":"","bottom":"","left":"","isLinked":true},"padding_mobile":{"unit":"em","top":"","right":"","bottom":"","left":"","isLinked":true}},"elements":[{"id":"3ec5a046","settings":{"__dynamic__":{"title":"[elementor-tag id=\"\" name=\"post-title\" settings=\"%7B%22before%22%3A%22%22%2C%22after%22%3A%22%22%2C%22fallback%22%3A%22%22%7D\"]"},"title":"Add Your Heading Text Here","__globals__":{"title_color":"globals\/colors?id=77ca2af","typography_typography":"globals\/typography?id=3c80dea"}},"elements":[],"isInner":false,"widgetType":"theme-post-title","elType":"widget"},{"id":"36e3f217","settings":{"icon_list":[{"type":"author","selected_icon":{"value":"far fa-user-circle","library":"fa-regular"},"_id":"3aca86e","custom_date_format":"F j, Y","custom_time_format":"g:i a"},{"selected_icon":{"value":"fas fa-calendar","library":"fa-solid"},"_id":"3ce1364","custom_date_format":"F j, Y","custom_time_format":"g:i a"},{"type":"time","selected_icon":{"value":"far fa-clock","library":"fa-regular"},"_id":"0e636c1","custom_date_format":"F j, Y","custom_time_format":"g:i a"},{"type":"comments","selected_icon":{"value":"far fa-comment-dots","library":"fa-regular"},"_id":"7ed3b92","custom_date_format":"F j, Y","custom_time_format":"g:i a"}],"space_between":{"unit":"px","size":50,"sizes":[]},"icon_align":"left","__globals__":{"text_color":"globals\/colors?id=91734c1","icon_color":"globals\/colors?id=91734c1"}},"elements":[],"isInner":false,"widgetType":"post-info","elType":"widget"},{"id":"1e7a1a5e","settings":{"__globals__":{"text_color":"globals\/colors?id=c6364c3","typography_typography":"globals\/typography?id=8c87247"}},"elements":[],"isInner":false,"widgetType":"theme-post-content","elType":"widget"}],"isInner":false,"elType":"column"},{"id":"400116cc","settings":{"_column_size":50,"_inline_size":35,"padding":{"unit":"em","top":"1","right":"1","bottom":"1","left":"1","isLinked":true},"padding_tablet":{"unit":"em","top":"","right":"","bottom":"","left":"","isLinked":true},"padding_mobile":{"unit":"em","top":"","right":"","bottom":"","left":"","isLinked":true},"_inline_size_tablet":100},"elements":[{"id":"2a3862ef","settings":{"title":"Admin News","header_size":"h4","__globals__":{"typography_typography":"globals\/typography?id=eeebd89","title_color":"globals\/colors?id=77ca2af","_background_color":"globals\/colors?id=91734c1"},"_margin":{"unit":"%","top":"0","right":"57","bottom":"0","left":"0","isLinked":false},"_margin_tablet":{"unit":"%","top":"0","right":"78","bottom":"0","left":"0","isLinked":false},"_margin_mobile":{"unit":"%","top":"0","right":"55","bottom":"0","left":"0","isLinked":false},"_padding":{"unit":"px","top":"10","right":"10","bottom":"10","left":"18","isLinked":false},"_background_background":"classic","_border_radius":{"unit":"px","top":"10","right":"10","bottom":"10","left":"10","isLinked":true},"_padding_tablet":{"unit":"px","top":"10","right":"10","bottom":"10","left":"20","isLinked":false},"_padding_mobile":{"unit":"px","top":"10","right":"10","bottom":"10","left":"15","isLinked":false},"align":"left"},"elements":[],"isInner":false,"widgetType":"heading","elType":"widget"},{"id":"3d3c0934","settings":{"image":{"url":"http:\/\/kfkit.rometheme.pro\/intera\/wp-content\/uploads\/sites\/18\/2022\/02\/testimonial-4.png","id":190,"alt":"","source":"library"},"title_text":"Anne Mariana","description_text":"Intera Admin","position":"left","title_size":"h5","image_size":{"unit":"%","size":35,"sizes":[]},"text_align":"left","content_vertical_alignment":"middle","title_bottom_space":{"unit":"px","size":0,"sizes":[]},"__globals__":{"title_color":"globals\/colors?id=77ca2af","title_typography_typography":"globals\/typography?id=b45de8e","description_color":"globals\/colors?id=91734c1","description_typography_typography":"globals\/typography?id=bf2a579"},"image_size_tablet":{"unit":"%","size":15,"sizes":[]}},"elements":[],"isInner":false,"widgetType":"image-box","elType":"widget"},{"id":"3d3d7c4d","settings":{"__globals__":{"text_color":"globals\/colors?id=c6364c3","typography_typography":"globals\/typography?id=8c87247"},"editor":"<p>Maecenas eros dui, tempus sit amet quam ac, ultrices vehicula elit.<\/p>"},"elements":[],"isInner":false,"widgetType":"text-editor","elType":"widget"},{"id":"763559dd","settings":{"space":{"unit":"px","size":10,"sizes":[]}},"elements":[],"isInner":false,"widgetType":"spacer","elType":"widget"},{"id":"4afcde65","settings":{"title":"Recent Post","header_size":"h4","__globals__":{"typography_typography":"globals\/typography?id=eeebd89","title_color":"globals\/colors?id=77ca2af","_background_color":"globals\/colors?id=91734c1"},"_margin":{"unit":"%","top":"0","right":"59","bottom":"0","left":"0","isLinked":false},"_margin_tablet":{"unit":"%","top":"0","right":"78","bottom":"0","left":"0","isLinked":false},"_margin_mobile":{"unit":"%","top":"0","right":"48","bottom":"0","left":"0","isLinked":false},"_padding":{"unit":"px","top":"10","right":"10","bottom":"10","left":"18","isLinked":false},"_background_background":"classic","_border_radius":{"unit":"px","top":"10","right":"10","bottom":"10","left":"10","isLinked":true},"_padding_tablet":{"unit":"px","top":"10","right":"10","bottom":"10","left":"20","isLinked":false},"_padding_mobile":{"unit":"px","top":"10","right":"10","bottom":"10","left":"15","isLinked":false},"align":"left"},"elements":[],"isInner":false,"widgetType":"heading","elType":"widget"},{"id":"42098ea5","settings":{"space":{"unit":"px","size":16,"sizes":[]}},"elements":[],"isInner":false,"widgetType":"spacer","elType":"widget"},{"id":"918e7a2","settings":{"classic_columns":"1","classic_columns_tablet":"1","classic_posts_per_page":3,"classic_thumbnail":"left","classic_thumbnail_size_size":"full","classic_item_ratio":{"unit":"px","size":0.9,"sizes":[]},"classic_item_ratio_mobile":{"unit":"px","size":0.96,"sizes":[]},"classic_image_width":{"unit":"%","size":35,"sizes":[]},"classic_image_width_mobile":{"unit":"%","size":31,"sizes":[]},"classic_title_tag":"h5","classic_show_excerpt":"","classic_meta_separator":"\/\/\/","classic_read_more_text":"Read More \u00bb","cards_meta_separator":"\u2022","cards_read_more_text":"Read More \u00bb","full_content_meta_separator":"\/\/\/","classic_row_gap":{"unit":"px","size":23,"sizes":[]},"classic_img_border_radius":{"unit":"px","top":"10","right":"10","bottom":"10","left":"10","isLinked":true},"classic_title_spacing":{"unit":"px","size":4,"sizes":[]},"pagination_page_limit":"5","pagination_prev_label":"&laquo; Previous","pagination_next_label":"Next &raquo;","text":"Load More","load_more_no_posts_custom_message":"No more posts to show","__globals__":{"classic_box_bg_color":"","classic_title_color":"globals\/colors?id=77ca2af","classic_title_typography_typography":"globals\/typography?id=b45de8e","classic_meta_color":"globals\/colors?id=c6364c3","classic_meta_separator_color":"globals\/colors?id=91734c1","classic_meta_typography_typography":"globals\/typography?id=bf2a579","classic_read_more_color":"globals\/colors?id=91734c1","classic_read_more_typography_typography":"globals\/typography?id=a7477b6"}},"elements":[],"isInner":false,"widgetType":"posts","elType":"widget"},{"id":"23ba6a91","settings":{"space":{"unit":"px","size":10,"sizes":[]}},"elements":[],"isInner":false,"widgetType":"spacer","elType":"widget"},{"id":"63ab1053","settings":{"title":"Follow Us On","header_size":"h4","__globals__":{"typography_typography":"globals\/typography?id=eeebd89","title_color":"globals\/colors?id=77ca2af","_background_color":"globals\/colors?id=91734c1"},"_margin":{"unit":"%","top":"0","right":"43","bottom":"0","left":"0","isLinked":false},"_margin_tablet":{"unit":"%","top":"0","right":"78","bottom":"0","left":"0","isLinked":false},"_margin_mobile":{"unit":"%","top":"0","right":"58","bottom":"0","left":"0","isLinked":false},"_padding":{"unit":"px","top":"10","right":"10","bottom":"10","left":"18","isLinked":false},"_background_background":"classic","_border_radius":{"unit":"px","top":"10","right":"10","bottom":"10","left":"10","isLinked":true},"_padding_tablet":{"unit":"px","top":"10","right":"10","bottom":"10","left":"20","isLinked":false},"_padding_mobile":{"unit":"px","top":"10","right":"10","bottom":"10","left":"15","isLinked":false},"align":"left"},"elements":[],"isInner":false,"widgetType":"heading","elType":"widget"},{"id":"393b4cbd","settings":{"space":{"unit":"px","size":10,"sizes":[]}},"elements":[],"isInner":false,"widgetType":"spacer","elType":"widget"},{"id":"39bd0d0c","settings":{"social_icon_list":[{"social_icon":{"value":"fab fa-facebook","library":"fa-brands"},"_id":"d1dc0e5","item_icon_color":"custom","__globals__":{"item_icon_primary_color":"globals\/colors?id=91734c1","item_icon_secondary_color":"globals\/colors?id=77ca2af"}},{"social_icon":{"value":"fab fa-twitter","library":"fa-brands"},"_id":"7831fea","item_icon_color":"custom","__globals__":{"item_icon_primary_color":"globals\/colors?id=91734c1","item_icon_secondary_color":"globals\/colors?id=77ca2af"}},{"social_icon":{"value":"fab fa-instagram","library":"fa-brands"},"item_icon_color":"custom","_id":"b9baef8","__globals__":{"item_icon_primary_color":"globals\/colors?id=91734c1","item_icon_secondary_color":"globals\/colors?id=77ca2af"}},{"social_icon":{"value":"fab fa-youtube","library":"fa-brands"},"_id":"58a97de","item_icon_color":"custom","__globals__":{"item_icon_primary_color":"globals\/colors?id=91734c1","item_icon_secondary_color":"globals\/colors?id=77ca2af"}}],"shape":"circle","align":"left","icon_color":"custom","icon_size":{"unit":"px","size":20,"sizes":[]},"icon_spacing":{"unit":"px","size":15,"sizes":[]}},"elements":[],"isInner":false,"widgetType":"social-icons","elType":"widget"}],"isInner":false,"elType":"column"}],"isInner":false,"elType":"section"}],"settings":{"page_template":"elementor_header_footer"},"metadata":[]}