{"content":[{"id":"70ae7f67","settings":{"padding":{"unit":"em","top":"1","right":"1","bottom":"1","left":"1","isLinked":true},"padding_tablet":{"unit":"em","top":"","right":"","bottom":"","left":"","isLinked":true},"padding_mobile":{"unit":"em","top":"","right":"","bottom":"","left":"","isLinked":true},"structure":"30","background_background":"classic","__globals__":{"background_color":"globals\/colors?id=fd152e5"},"_title":"Header Section"},"elements":[{"id":"77705156","settings":{"_column_size":33,"_inline_size":20,"_inline_size_tablet":50,"_inline_size_mobile":50,"content_position":"center"},"elements":[{"id":"1dd7f801","settings":{"__dynamic__":{"image":"[elementor-tag id=\"\" name=\"site-logo\" settings=\"%7B%7D\"]","link":"[elementor-tag id=\"\" name=\"site-url\" settings=\"%7B%7D\"]"},"align":"left","width":{"unit":"%","size":48,"sizes":[]}},"elements":[],"isInner":false,"widgetType":"theme-site-logo","elType":"widget"}],"isInner":false,"elType":"column"},{"id":"4ad15eb9","settings":{"_column_size":33,"_inline_size":60,"_inline_size_tablet":50,"_inline_size_mobile":50,"content_position":"center"},"elements":[{"id":"1bd7c2c3","settings":{"align_items":"right","full_width":"stretch","toggle_align":"right","padding_horizontal_menu_item":{"unit":"px","size":20,"sizes":[]},"dropdown_border_width":{"unit":"px","top":"1","right":"1","bottom":"1","left":"1","isLinked":true},"dropdown_border_radius":{"unit":"px","top":"0","right":"0","bottom":"10","left":"10","isLinked":false},"padding_horizontal_dropdown_item":{"unit":"px","size":24,"sizes":[]},"padding_vertical_dropdown_item":{"unit":"px","size":15,"sizes":[]},"toggle_size_tablet":{"unit":"px","size":25,"sizes":[]},"toggle_border_width_tablet":{"unit":"px","size":1,"sizes":[]},"toggle_border_radius_tablet":{"unit":"px","size":5,"sizes":[]},"__globals__":{"menu_typography_typography":"globals\/typography?id=bf2a579","color_menu_item":"globals\/colors?id=77ca2af","color_menu_item_hover":"globals\/colors?id=91734c1","pointer_color_menu_item_hover":"globals\/colors?id=91734c1","color_menu_item_active":"globals\/colors?id=91734c1","pointer_color_menu_item_active":"globals\/colors?id=91734c1","background_color_dropdown_item":"globals\/colors?id=56d4114","color_dropdown_item":"globals\/colors?id=77ca2af","dropdown_typography_typography":"globals\/typography?id=bf2a579","color_dropdown_item_hover":"globals\/colors?id=91734c1","background_color_dropdown_item_hover":"globals\/colors?id=76ffbce","color_dropdown_item_active":"globals\/colors?id=91734c1","background_color_dropdown_item_active":"globals\/colors?id=76ffbce","dropdown_border_color":"globals\/colors?id=91734c1","toggle_color":"globals\/colors?id=91734c1","toggle_background_color":"globals\/colors?id=76ffbce","toggle_color_hover":"globals\/colors?id=77ca2af","toggle_background_color_hover":"globals\/colors?id=76ffbce"},"padding_vertical_menu_item":{"unit":"px","size":0,"sizes":[]}},"elements":[],"isInner":false,"widgetType":"nav-menu","elType":"widget"}],"isInner":false,"elType":"column"},{"id":"4293cd22","settings":{"_column_size":33,"_inline_size":19.333,"_inline_size_tablet":100,"hide_tablet":"hidden-tablet","hide_mobile":"hidden-mobile","content_position":"center"},"elements":[{"id":"1bc4f61b","settings":{"text":"get started","align":"right","__globals__":{"typography_typography":"globals\/typography?id=a7477b6"}},"elements":[],"isInner":false,"widgetType":"button","elType":"widget"}],"isInner":false,"elType":"column"}],"isInner":false,"elType":"section"}],"settings":[],"metadata":[]}