{"content":[{"id":"297f8e73","settings":{"height":"min-height","custom_height":{"unit":"vh","size":70,"sizes":[]},"custom_height_tablet":{"unit":"vh","size":"","sizes":[]},"custom_height_mobile":{"unit":"vh","size":"","sizes":[]},"background_background":"classic","background_image":{"url":"http:\/\/kfkit.rometheme.pro\/intera\/wp-content\/uploads\/sites\/18\/2022\/02\/P5.jpg","id":247,"alt":"","source":"library"},"background_position":"center center","background_size":"cover","background_overlay_background":"gradient","background_overlay_opacity":{"unit":"px","size":1,"sizes":[]},"__globals__":{"background_overlay_color_b":"globals\/colors?id=56d4114","background_overlay_color":"globals\/colors?id=91e2a4e"},"_title":"Header PAge Section"},"elements":[{"id":"a75300a","settings":{"_column_size":100,"_inline_size":null,"padding":{"unit":"em","top":"1","right":"1","bottom":"1","left":"1","isLinked":true},"padding_tablet":{"unit":"em","top":"","right":"","bottom":"","left":"","isLinked":true},"padding_mobile":{"unit":"em","top":"","right":"","bottom":"","left":"","isLinked":true}},"elements":[{"id":"48cc1230","settings":{"title":"Contact Us.","align":"center","__globals__":{"title_color":"globals\/colors?id=77ca2af","typography_typography":"globals\/typography?id=397e667"},"title_color":"#F6F6F6"},"elements":[],"isInner":false,"widgetType":"heading","elType":"widget"}],"isInner":false,"elType":"column"}],"isInner":false,"elType":"section"},{"id":"3a5fd2c7","settings":{"structure":"20","background_background":"classic","padding":{"unit":"em","top":"6","right":"1","bottom":"6","left":"1","isLinked":false},"padding_tablet":{"unit":"em","top":"","right":"","bottom":"","left":"","isLinked":true},"padding_mobile":{"unit":"em","top":"","right":"","bottom":"","left":"","isLinked":true},"__globals__":{"background_color":"globals\/colors?id=56d4114","background_color_b":"globals\/colors?id=76ffbce"},"_title":"Contact Us Section","z_index":1},"elements":[{"id":"567e230f","settings":{"_column_size":50,"_inline_size":null,"content_position":"center","padding":{"unit":"em","top":"1","right":"5","bottom":"1","left":"1","isLinked":false},"padding_tablet":{"unit":"em","top":"1","right":"1","bottom":"5","left":"1","isLinked":false},"padding_mobile":{"unit":"em","top":"1","right":"1","bottom":"5","left":"1","isLinked":false},"_inline_size_tablet":100},"elements":[{"id":"714eacde","settings":{"title":"Contact Us ","header_size":"h1","align":"left","__globals__":{"title_color":"globals\/colors?id=91734c1","typography_typography":"globals\/typography?id=f1402b2"}},"elements":[],"isInner":false,"widgetType":"heading","elType":"widget"},{"id":"7a51d8b9","settings":{"title":"Get In Touch","header_size":"h3","align":"left","__globals__":{"title_color":"globals\/colors?id=77ca2af","typography_typography":"globals\/typography?id=3c80dea"},"title_color":"#F6F6F6"},"elements":[],"isInner":false,"widgetType":"heading","elType":"widget"},{"id":"5493f462","settings":{"__globals__":{"text_color":"globals\/colors?id=16f9f85","typography_typography":"globals\/typography?id=8c87247"},"editor":"<p>Maecenas eros dui, tempus sit amet quam ac, ultrices vehicula elit. Sed euismod vel tortor et luctus. In viverra finibus velit et ullamcorper.<\/p>","text_color":"#A1A1A1"},"elements":[],"isInner":false,"widgetType":"text-editor","elType":"widget"},{"id":"3532e6ed","settings":{"structure":"20"},"elements":[{"id":"1bff23fc","settings":{"_column_size":50,"_inline_size":null,"padding":{"unit":"em","top":"0","right":"0","bottom":"1","left":"0","isLinked":false},"padding_tablet":{"unit":"em","top":"","right":"","bottom":"","left":"","isLinked":true},"padding_mobile":{"unit":"em","top":"","right":"","bottom":"","left":"","isLinked":true},"_inline_size_mobile":50},"elements":[{"id":"6f9c02e1","settings":{"title_text":"Phone Number","description_text":"123-234-1234","image_space":{"unit":"px","size":25,"sizes":[]},"text_align":"left","title_bottom_space":{"unit":"px","size":5,"sizes":[]},"__globals__":{"title_color":"globals\/colors?id=77ca2af","title_typography_typography":"globals\/typography?id=eeebd89","description_color":"globals\/colors?id=c6364c3","description_typography_typography":"globals\/typography?id=8c87247"},"image":{"url":"http:\/\/kfkit.rometheme.pro\/intera\/wp-content\/uploads\/sites\/18\/2022\/02\/I14.png","id":233,"alt":"","source":"library"},"position":"left"},"elements":[],"isInner":false,"widgetType":"image-box","elType":"widget"}],"isInner":true,"elType":"column"},{"id":"7e7c2839","settings":{"_column_size":50,"_inline_size":null,"padding":{"unit":"em","top":"0","right":"0","bottom":"1","left":"0","isLinked":false},"padding_tablet":{"unit":"em","top":"","right":"","bottom":"","left":"","isLinked":true},"padding_mobile":{"unit":"em","top":"","right":"","bottom":"","left":"","isLinked":true},"_inline_size_mobile":50},"elements":[{"id":"5afad8c3","settings":{"title_text":"Email Address","description_text":"hello@awesomesite.com","image_space":{"unit":"px","size":25,"sizes":[]},"text_align":"left","title_bottom_space":{"unit":"px","size":5,"sizes":[]},"__globals__":{"title_color":"globals\/colors?id=77ca2af","title_typography_typography":"globals\/typography?id=eeebd89","description_color":"globals\/colors?id=c6364c3","description_typography_typography":"globals\/typography?id=8c87247"},"image":{"url":"http:\/\/kfkit.rometheme.pro\/intera\/wp-content\/uploads\/sites\/18\/2022\/02\/I12.png","id":231,"alt":"","source":"library"},"position":"left"},"elements":[],"isInner":false,"widgetType":"image-box","elType":"widget"}],"isInner":true,"elType":"column"}],"isInner":true,"elType":"section"},{"id":"25d94f99","settings":{"structure":"20"},"elements":[{"id":"63e949fa","settings":{"_column_size":50,"_inline_size":null,"padding":{"unit":"em","top":"1","right":"0","bottom":"0","left":"0","isLinked":false},"padding_tablet":{"unit":"em","top":"","right":"","bottom":"","left":"","isLinked":true},"padding_mobile":{"unit":"em","top":"","right":"","bottom":"","left":"","isLinked":true},"_inline_size_mobile":50},"elements":[{"id":"71cfdcf8","settings":{"title_text":"Websites","description_text":"www.awesomesite.com","image_space":{"unit":"px","size":25,"sizes":[]},"text_align":"left","title_bottom_space":{"unit":"px","size":5,"sizes":[]},"__globals__":{"title_color":"globals\/colors?id=77ca2af","title_typography_typography":"globals\/typography?id=eeebd89","description_color":"globals\/colors?id=c6364c3","description_typography_typography":"globals\/typography?id=8c87247"},"image":{"url":"http:\/\/kfkit.rometheme.pro\/intera\/wp-content\/uploads\/sites\/18\/2022\/02\/I15.png","id":234,"alt":"","source":"library"},"position":"left"},"elements":[],"isInner":false,"widgetType":"image-box","elType":"widget"}],"isInner":true,"elType":"column"},{"id":"7ffb9874","settings":{"_column_size":50,"_inline_size":null,"padding":{"unit":"em","top":"1","right":"0","bottom":"0","left":"0","isLinked":false},"padding_tablet":{"unit":"em","top":"","right":"","bottom":"","left":"","isLinked":true},"padding_mobile":{"unit":"em","top":"","right":"","bottom":"","left":"","isLinked":true},"_inline_size_mobile":50},"elements":[{"id":"61918923","settings":{"title_text":"Address","description_text":"99 Roving St., Big City, PKU 23456","image_space":{"unit":"px","size":25,"sizes":[]},"text_align":"left","title_bottom_space":{"unit":"px","size":5,"sizes":[]},"__globals__":{"title_color":"globals\/colors?id=77ca2af","title_typography_typography":"globals\/typography?id=eeebd89","description_color":"globals\/colors?id=c6364c3","description_typography_typography":"globals\/typography?id=8c87247"},"image":{"url":"http:\/\/kfkit.rometheme.pro\/intera\/wp-content\/uploads\/sites\/18\/2022\/02\/I13.png","id":232,"alt":"","source":"library"},"position":"left"},"elements":[],"isInner":false,"widgetType":"image-box","elType":"widget"}],"isInner":true,"elType":"column"}],"isInner":true,"elType":"section"},{"id":"4e84be7e","settings":{"image":{"url":"","id":""}},"elements":[],"isInner":false,"widgetType":"image","elType":"widget"}],"isInner":false,"elType":"column"},{"id":"5a4136ee","settings":{"_column_size":50,"_inline_size":null,"content_position":"center","background_background":"gradient","border_border":"solid","border_width":{"unit":"px","top":"1","right":"1","bottom":"1","left":"1","isLinked":true},"margin":{"unit":"%","top":"-25","right":"0","bottom":"-25","left":"0","isLinked":false},"margin_tablet":{"unit":"%","top":"0","right":"0","bottom":"0","left":"0","isLinked":false},"margin_mobile":{"unit":"%","top":"","right":"","bottom":"","left":"","isLinked":true},"padding":{"unit":"em","top":"4","right":"4","bottom":"4","left":"4","isLinked":true},"padding_tablet":{"unit":"em","top":"5","right":"5","bottom":"5","left":"5","isLinked":true},"padding_mobile":{"unit":"em","top":"2","right":"2","bottom":"2","left":"2","isLinked":true},"__globals__":{"background_color":"globals\/colors?id=a87b539","border_color":"globals\/colors?id=91734c1","background_color_b":"globals\/colors?id=56d4114"},"animation":"slideInRight","animation_duration":"slow","_inline_size_tablet":100,"border_radius":{"unit":"px","top":"20","right":"20","bottom":"20","left":"20","isLinked":true}},"elements":[{"id":"1984e538","settings":{"title":"You Have Question?","align":"left","__globals__":{"title_color":"globals\/colors?id=91734c1","typography_typography":"globals\/typography?id=3c80dea"}},"elements":[],"isInner":false,"widgetType":"heading","elType":"widget"},{"id":"68da4e2b","settings":{"__globals__":{"text_color":"globals\/colors?id=16f9f85","typography_typography":"globals\/typography?id=8c87247"},"editor":"<p>Maecenas eros dui, tempus sit amet quam ac, ultrices vehicula elit.<\/p>"},"elements":[],"isInner":false,"widgetType":"text-editor","elType":"widget"},{"id":"694feb35","settings":{"form_name":"New Form","form_fields":[{"custom_id":"name","field_label":" Your Name","placeholder":"Your Name","_id":"574ea2d"},{"custom_id":"email","field_type":"email","required":"true","field_label":" Your Email","placeholder":"Your Email","_id":"3e26756"},{"custom_id":"field_4d57685","required":"true","field_label":"Your Subject ","placeholder":"Your Subject","_id":"4d57685"},{"custom_id":"message","field_type":"textarea","field_label":" Your Message","placeholder":"Your Message","_id":"46abf45"}],"input_size":"lg","button_width":"40","step_next_label":"Next","step_previous_label":"Previous","button_text":"Send Message","email_content":"[all-fields]","email_content_2":"[all-fields]","success_message":"The form was sent successfully.","error_message":"An error occurred.","required_field_message":"This field is required.","invalid_message":"There&#039;s something wrong. The form is invalid.","column_gap":{"unit":"px","size":"","sizes":[]},"row_gap":{"unit":"px","size":40,"sizes":[]},"field_border_width":{"unit":"px","top":"1","right":"1","bottom":"1","left":"1","isLinked":true},"field_border_radius":{"unit":"px","top":"5","right":"5","bottom":"5","left":"5","isLinked":true},"button_border_border":"solid","button_border_width":{"unit":"px","top":"1","right":"1","bottom":"1","left":"1","isLinked":true},"button_border_radius":{"unit":"px","top":"5","right":"5","bottom":"5","left":"5","isLinked":true},"__globals__":{"field_text_color":"globals\/colors?id=16f9f85","field_typography_typography":"globals\/typography?id=bf2a579","field_background_color":"globals\/colors?id=76ffbce","field_border_color":"globals\/colors?id=91734c1","button_typography_typography":"globals\/typography?id=a7477b6","button_background_color":"globals\/colors?id=91734c1","button_text_color":"globals\/colors?id=77ca2af","button_border_color":"globals\/colors?id=76ffbce","previous_button_background_color":"globals\/colors?id=91734c1","previous_button_text_color":"globals\/colors?id=77ca2af","previous_button_border_color":"globals\/colors?id=76ffbce","button_background_hover_color":"globals\/colors?id=76ffbce","button_hover_color":"globals\/colors?id=91734c1","button_hover_border_color":"globals\/colors?id=91734c1","previous_button_background_color_hover":"globals\/colors?id=76ffbce","previous_button_text_color_hover":"globals\/colors?id=77ca2af","previous_button_border_color_hover":"globals\/colors?id=91734c1"},"show_labels":""},"elements":[],"isInner":false,"widgetType":"form","elType":"widget"}],"isInner":false,"elType":"column"}],"isInner":false,"elType":"section"},{"id":"4975dbf4","settings":{"layout":"full_width","gap":"no","padding":{"unit":"em","top":"","right":"","bottom":"","left":"","isLinked":true},"padding_tablet":{"unit":"em","top":"","right":"","bottom":"","left":"","isLinked":true},"padding_mobile":{"unit":"em","top":"","right":"","bottom":"","left":"","isLinked":true},"_title":"Map Section"},"elements":[{"id":"67b3e81a","settings":{"_column_size":100,"_inline_size":null,"padding":{"unit":"px","top":"0","right":"0","bottom":"0","left":"0","isLinked":true}},"elements":[{"id":"4e5bd9c9","settings":{"address":"London Eye, London, United Kingdom","height":{"unit":"px","size":546,"sizes":[]},"css_filters_css_filter":"custom","css_filters_brightness":{"unit":"px","size":74,"sizes":[]},"css_filters_saturate":{"unit":"px","size":0,"sizes":[]}},"elements":[],"isInner":false,"widgetType":"google_maps","elType":"widget"}],"isInner":false,"elType":"column"}],"isInner":false,"elType":"section"}],"settings":[],"metadata":[]}