{"content":[{"id":"5a63d9fc","settings":{"structure":"30","background_background":"classic","background_image":{"url":"","id":"","alt":"","source":"library"},"background_position":"center center","background_size":"cover","background_overlay_background":"gradient","padding":{"unit":"em","top":"6","right":"1","bottom":"1","left":"1","isLinked":false},"padding_tablet":{"unit":"em","top":"","right":"","bottom":"","left":"","isLinked":true},"padding_mobile":{"unit":"em","top":"","right":"","bottom":"","left":"","isLinked":true},"z_index":0,"__globals__":{"background_color":"globals\/colors?id=56d4114","background_overlay_color_b":"globals\/colors?id=a87b539"},"_title":"Footer Section"},"elements":[{"id":"216ba7a4","settings":{"_column_size":33,"_inline_size":20,"content_position":"center","padding":{"unit":"em","top":"","right":"","bottom":"","left":"","isLinked":true},"padding_tablet":{"unit":"em","top":"","right":"","bottom":"","left":"","isLinked":true},"padding_mobile":{"unit":"em","top":"","right":"","bottom":"","left":"","isLinked":true}},"elements":[{"id":"2fac2914","settings":{"__dynamic__":{"image":"[elementor-tag id=\"\" name=\"site-logo\" settings=\"%7B%7D\"]","link":"[elementor-tag id=\"\" name=\"site-url\" settings=\"%7B%7D\"]"},"align":"left","width":{"unit":"%","size":59,"sizes":[]}},"elements":[],"isInner":false,"widgetType":"theme-site-logo","elType":"widget"}],"isInner":false,"elType":"column"},{"id":"526265ab","settings":{"_column_size":33,"_inline_size":59.333,"content_position":"bottom","padding":{"unit":"em","top":"","right":"","bottom":"","left":"","isLinked":true},"padding_tablet":{"unit":"em","top":"","right":"","bottom":"","left":"","isLinked":true},"padding_mobile":{"unit":"em","top":"","right":"","bottom":"","left":"","isLinked":true}},"elements":[{"id":"5e6ea2b7","settings":{"view":"inline","icon_list":[{"text":"Home","selected_icon":{"value":"","library":""},"_id":"8a401b6","link":{"url":"#","is_external":"","nofollow":"","custom_attributes":""}},{"text":"About Us","selected_icon":{"value":"","library":""},"link":{"url":"#","is_external":"","nofollow":"","custom_attributes":""},"_id":"eab5dd3"},{"text":"Services","selected_icon":{"value":"","library":""},"link":{"url":"#","is_external":"","nofollow":"","custom_attributes":""},"_id":"03083e4"},{"text":"Blog","selected_icon":{"value":"","library":""},"link":{"url":"#","is_external":"","nofollow":"","custom_attributes":""},"_id":"b5265cb"},{"text":"Contact Us","selected_icon":{"value":"","library":""},"link":{"url":"#","is_external":"","nofollow":"","custom_attributes":""},"_id":"129ce34"}],"space_between":{"unit":"px","size":50,"sizes":[]},"icon_align":"center","__globals__":{"text_color":"globals\/colors?id=91734c1","text_color_hover":"globals\/colors?id=c6364c3"}},"elements":[],"isInner":false,"widgetType":"icon-list","elType":"widget"}],"isInner":false,"elType":"column"},{"id":"818bc01","settings":{"_column_size":33,"_inline_size":20,"content_position":"bottom","padding":{"unit":"em","top":"","right":"","bottom":"","left":"","isLinked":true},"padding_tablet":{"unit":"em","top":"","right":"","bottom":"","left":"","isLinked":true},"padding_mobile":{"unit":"em","top":"","right":"","bottom":"","left":"","isLinked":true}},"elements":[{"id":"6fc73b06","settings":{"social_icon_list":[{"social_icon":{"value":"fab fa-facebook","library":"fa-brands"},"_id":"d1dc0e5","item_icon_color":"custom","__globals__":{"item_icon_primary_color":"globals\/colors?id=91734c1","item_icon_secondary_color":"globals\/colors?id=77ca2af"}},{"social_icon":{"value":"fab fa-twitter","library":"fa-brands"},"_id":"7831fea","item_icon_color":"custom","__globals__":{"item_icon_primary_color":"globals\/colors?id=91734c1","item_icon_secondary_color":"globals\/colors?id=77ca2af"}},{"social_icon":{"value":"fab fa-instagram","library":"fa-brands"},"item_icon_color":"custom","_id":"b9baef8","__globals__":{"item_icon_primary_color":"globals\/colors?id=91734c1","item_icon_secondary_color":"globals\/colors?id=77ca2af"}},{"social_icon":{"value":"fab fa-youtube","library":"fa-brands"},"_id":"58a97de","item_icon_color":"custom","__globals__":{"item_icon_primary_color":"globals\/colors?id=91734c1","item_icon_secondary_color":"globals\/colors?id=77ca2af"}}],"shape":"circle","align":"right","icon_color":"custom","icon_size":{"unit":"px","size":20,"sizes":[]},"icon_spacing":{"unit":"px","size":15,"sizes":[]}},"elements":[],"isInner":false,"widgetType":"social-icons","elType":"widget"}],"isInner":false,"elType":"column"}],"isInner":false,"elType":"section"},{"id":"1f456315","settings":{"background_background":"classic","background_image":{"url":"","id":"","alt":"","source":"library"},"background_position":"center center","background_size":"cover","background_overlay_background":"gradient","border_width":{"unit":"px","top":"1","right":"2","bottom":"0","left":"0","isLinked":false},"padding":{"unit":"em","top":"1","right":"1","bottom":"1","left":"1","isLinked":true},"padding_tablet":{"unit":"em","top":"","right":"","bottom":"","left":"","isLinked":true},"padding_mobile":{"unit":"em","top":"","right":"","bottom":"","left":"","isLinked":true},"__globals__":{"background_color":"globals\/colors?id=56d4114","background_overlay_color_b":"globals\/colors?id=a87b539","border_color":"globals\/colors?id=4900b55"},"_title":"Copyright Section"},"elements":[{"id":"8322c3a","settings":{"_column_size":100,"_inline_size":null,"content_position":"center","border_border":"solid","border_width":{"unit":"px","top":"1","right":"0","bottom":"0","left":"0","isLinked":false},"padding":{"unit":"em","top":"2","right":"1","bottom":"1","left":"1","isLinked":false},"padding_tablet":{"unit":"em","top":"","right":"","bottom":"","left":"","isLinked":true},"padding_mobile":{"unit":"em","top":"","right":"","bottom":"","left":"","isLinked":true},"__globals__":{"border_color":"globals\/colors?id=4900b55"}},"elements":[{"id":"72a83212","settings":{"title":"Copyright 2022 \u00a9 All Right Reserved Design by Rometheme","header_size":"div","align":"center","__globals__":{"title_color":"globals\/colors?id=4900b55","typography_typography":"globals\/typography?id=bf2a579"}},"elements":[],"isInner":false,"widgetType":"heading","elType":"widget"}],"isInner":false,"elType":"column"}],"isInner":false,"elType":"section"}],"settings":[],"metadata":[]}